Publication,Player,Club,Year,Rank
FourFourTwo,Kevin De Bruyne,Manchester City,2020,1
FourFourTwo,Lionel Messi,Barcelona,2020,2
FourFourTwo,Robert Lewandowski,Bayern Munich,2020,3
FourFourTwo,Neymar,PSG,2020,4
FourFourTwo,Kylian Mbappe,PSG,2020,5
FourFourTwo,Harry Kane,Tottenham,2020,6
FourFourTwo,Erling Haaland,Borussia Dortmund,2020,7
FourFourTwo,Bruno Fernandes,Manchester United,2020,8
FourFourTwo,Romelu Lukaku,Inter Milan,2020,9
FourFourTwo,Cristiano Ronaldo,Juventus,2020,10
FourFourTwo,Thomas Muller,Bayern Munich,2020,11
FourFourTwo,Jan Oblak,Atletico Madrid,2020,12
FourFourTwo,Joshua Kimmich,Bayern Munich,2020,13
FourFourTwo,Mohamed Salah,Liverpool,2020,14
FourFourTwo,Karim Benzema,Real Madrid,2020,15
FourFourTwo,Leon Goretzka,Bayern Munich,2020,16
FourFourTwo,Riyad Mahrez,Manchester City,2020,17
FourFourTwo,Ruben Dias,Manchester City,2020,18
FourFourTwo,Jadon Sancho,Borussia Dortmund,2020,19
FourFourTwo,Ilkay Gundogan,Manchester City,2020,20
FourFourTwo,Ederson,Manchester City,2020,21
FourFourTwo,Joao Cancelo,Manchester City,2020,22
FourFourTwo,Manuel Neuer,Bayern Munich,2020,23
FourFourTwo,Serge Gnabry,Bayern Munich,2020,24
FourFourTwo,Son Heung-min,Tottenham,2020,25
FourFourTwo,Virgil van Dijk,Liverpool,2020,26
FourFourTwo,N'Golo Kante,Chelsea,2020,27
FourFourTwo,Bernardo Silva,Manchester City,2020,28
FourFourTwo,Alphonso Davies,Bayern Munich,2020,29
FourFourTwo,Phil Foden,Manchester City,2020,30
FourFourTwo,Trent Alexander-Arnold,Liverpool,2020,31
FourFourTwo,Raheem Sterling,Manchester City,2020,32
FourFourTwo,Marcus Rashford,Manchester United,2020,33
FourFourTwo,Andrew Robertson,Liverpool,2020,34
FourFourTwo,Antoine Griezmann,Barcelona,2020,35
FourFourTwo,Raphael Varane,Real Madrid,2020,36
FourFourTwo,Thibaut Courtois,Real Madrid,2020,37
FourFourTwo,Frenkie De Jong,Barcelona,2020,38
FourFourTwo,Luka Modric,Real Madrid,2020,39
FourFourTwo,Mason Mount,Chelsea,2020,40
FourFourTwo,Paul Pogba,Manchester United,2020,41
FourFourTwo,Achraf Hakimi,Inter Milan,2020,42
FourFourTwo,Sergio Ramos,Real Madrid,2020,43
FourFourTwo,Marquinhos,PSG,2020,44
FourFourTwo,Jack Grealish,Aston Villa,2020,45
FourFourTwo,Toni Kroos,Real Madrid,2020,46
FourFourTwo,Sadio Mane,Liverpool,2020,47
FourFourTwo,Marco Verratti,PSG,2020,48
FourFourTwo,John Stones,Manchester City,2020,49
FourFourTwo,Zlatan Ibrahimovic,AC Milan,2020,50
FourFourTwo,Lionel Messi,Barcelona,2019,1
FourFourTwo,Virgil van Dijk,Liverpool,2019,2
FourFourTwo,Mohamed Salah,Liverpool,2019,3
FourFourTwo,Cristiano Ronaldo,Juventus,2019,4
FourFourTwo,Kylian Mbappe,PSG,2019,5
FourFourTwo,Jan Oblak,Atletico Madrid,2019,6
FourFourTwo,Robert Lewandowski,Bayern Munich,2019,7
FourFourTwo,Kevin De Bruyne,Manchester City,2019,8
FourFourTwo,Raheem Sterling,Manchester City,2019,9
FourFourTwo,Sadio Mane,Liverpool,2019,10
FourFourTwo,Harry Kane,Tottenham Hotspur,2019,11
FourFourTwo,Marc-Andre Ter Stegen,Barcelona,2019,12
FourFourTwo,Alisson,Liverpool,2019,13
FourFourTwo,Roberto Firmino,Liverpool,2019,14
FourFourTwo,Sergio Aguero,Manchester City,2019,15
FourFourTwo,Eden Hazard,Real Madrid,2019,16
FourFourTwo,Bernardo Silva,Manchester City,2019,17
FourFourTwo,N'Golo Kante,Chelsea,2019,18
FourFourTwo,Kalidou Koulibaly,Napoli,2019,19
FourFourTwo,David Silva,Manchester City,2019,20
FourFourTwo,Aymeric Laporte,Manchester City,2019,21
FourFourTwo,Antoine Griezmann,Barcelona,2019,22
FourFourTwo,Neymar,PSG,2019,23
FourFourTwo,Ederson,Manchester City,2019,24
FourFourTwo,Trent Alexander-Arnold,Liverpool,2019,25
FourFourTwo,Andy Robertson,Liverpool,2019,26
FourFourTwo,Miralem Pjanic,Juventus,2019,27
FourFourTwo,Gerard Pique,Barcelona,2019,28
FourFourTwo,Fabinho,Liverpool,2019,29
FourFourTwo,Son Heung-Min,Tottenham Hotspur,2019,30
FourFourTwo,Luka Modric,Real Madrid,2019,31
FourFourTwo,Jordi Alba,Barcelona,2019,32
FourFourTwo,Joshua Kimmich,Bayern Munich,2019,33
FourFourTwo,Jose Gimenez,Atletico Madrid,2019,34
FourFourTwo,David De Gea,Manchester United,2019,35
FourFourTwo,Dani Carvajal,Real Madrid,2019,36
FourFourTwo,Pierre-Emerick Aubameyang,Arsenal,2019,37
FourFourTwo,Karim Benzema,Real Madrid,2019,38
FourFourTwo,Dries Mertens,Napoli,2019,39
FourFourTwo,Casemiro,Real Madrid,2019,40
FourFourTwo,Angel Di Maria,PSG,2019,41
FourFourTwo,Matthijs De Ligt,Juventus,2019,42
FourFourTwo,Sergio Busquets,Barcelona,2019,43
FourFourTwo,Jan Vertonghen,Tottenham Hotspur,2019,44
FourFourTwo,Thiago Alcantara,Bayern Munich,2019,45
FourFourTwo,Georginio Wijnaldum,Liverpool,2019,46
FourFourTwo,Thiago Silva,PSG,2019,47
FourFourTwo,Raphael Varane,Real Madrid,2019,48
FourFourTwo,Santi Cazorla,Villarreal,2019,49
FourFourTwo,Frenkie De Jong,Barcelona,2019,50
FourFourTwo,Hakim Ziyech,Ajax,2019,51
FourFourTwo,Marco Verratti,PSG,2019,52
FourFourTwo,Serge Gnabry,Bayern Munich,2019,53
FourFourTwo,Paul Pogba,Manchester United,2019,54
FourFourTwo,Sergio Ramos,Real Madrid,2019,55
FourFourTwo,Marco Reus,Borussia Dortmund,2019,56
FourFourTwo,Toni Kroos,Real Madrid,2019,57
FourFourTwo,Christian Eriksen,Tottenham Hotspur,2019,58
FourFourTwo,Niklas Sule,Bayern Munich,2019,59
FourFourTwo,Gareth Bale,Real Madrid,2019,60
FourFourTwo,Koke,Atletico Madrid,2019,61
FourFourTwo,Axel Witsel,Borussia Dortmund,2019,62
FourFourTwo,Timo Werner,RB Leipzig,2019,63
FourFourTwo,Saul Niguez,Atletico Madrid,2019,64
FourFourTwo,Keylor Navas,PSG,2019,65
FourFourTwo,Milan Skriniar,Inter Milan,2019,66
FourFourTwo,Manuel Neuer,Bayern Munich,2019,67
FourFourTwo,Dani Parejo,Valencia,2019,68
FourFourTwo,Wojciech Szczesny,Juventus,2019,69
FourFourTwo,Marquinhos,PSG,2019,70
FourFourTwo,Ivan Rakitic,Barcelona,2019,71
FourFourTwo,Toby Alderweireld,Tottenham Hotspur,2019,72
FourFourTwo,Luis Suarez,Barcelona,2019,73
FourFourTwo,Clement Lenglet,Barcelona,2019,74
FourFourTwo,Riyad Mahrez,Manchester City,2019,75
FourFourTwo,Mikel Oyarzabal,Real Sociedad,2019,76
FourFourTwo,Harry Maguire,Manchester United,2019,77
FourFourTwo,Rodri,Manchester City,2019,78
FourFourTwo,Jamie Vardy,Leicester City,2019,79
FourFourTwo,Samir Handanovic,Inter Milan,2019,80
FourFourTwo,Giorgio Chiellini,Juventus,2019,81
FourFourTwo,Thibaut Courtois,Real Madrid,2019,82
FourFourTwo,Papu Gomez,Atalanta,2019,83
FourFourTwo,Mats Hummels,Borussia Dortmund,2019,84
FourFourTwo,Mauro Icardi,PSG,2019,85
FourFourTwo,Jadon Sancho,Borussia Dortmund,2019,86
FourFourTwo,Fabian Ruiz,Napoli,2019,87
FourFourTwo,Fernandinho,Manchester City,2019,88
FourFourTwo,Romelu Lukaku,Inter Milan,2019,89
FourFourTwo,Ricardo Pereira,Leicester City,2019,90
FourFourTwo,Lorenzo Insigne,Napoli,2019,91
FourFourTwo,Paulo Dybala,Juventus,2019,92
FourFourTwo,Gabriel Jesus,Manchester City,2019,93
FourFourTwo,Dusan Tadic,Ajax,2019,94
FourFourTwo,Iago Aspas,Celta Vigo,2019,95
FourFourTwo,Martin Odegaard,Real Sociedad,2019,96
FourFourTwo,Wissam Ben Yedder,Monaco,2019,97
FourFourTwo,Ciro Immobile,Lazio,2019,98
FourFourTwo,Lautaro Martinez,Inter Milan,2019,99
FourFourTwo,Nabil Fekir,Real Betis,2019,100
FourFourTwo,Lionel Messi,Barcelona,2018,1
FourFourTwo,Cristiano Ronaldo,Juventus,2018,2
FourFourTwo,Kylian Mbappe,PSG,2018,3
FourFourTwo,Luka Modric,Real Madrid,2018,4
FourFourTwo,Antoine Griezmann,Atletico Madrid,2018,5
FourFourTwo,Mohamed Salah,Liverpool,2018,6
FourFourTwo,Eden Hazard,Chelsea,2018,7
FourFourTwo,Neymar,PSG,2018,8
FourFourTwo,Jan Oblak,Atletico Madrid,2018,9
FourFourTwo,Harry Kane,Tottenham,2018,10
FourFourTwo,David Silva,Manchester City,2018,11
FourFourTwo,Sergio Aguero,Manchester City,2018,12
FourFourTwo,N'Golo Kante,Chelsea,2018,13
FourFourTwo,Kevin De Bruyne,Manchester City,2018,14
FourFourTwo,Luis Suarez,Barcelona,2018,15
FourFourTwo,David de Gea,Manchester United,2018,16
FourFourTwo,Robert Lewandowski,Bayern Munich,2018,17
FourFourTwo,Mauro Icardi,Inter Milan,2018,18
FourFourTwo,Virgil van Dijk,Liverpool,2018,19
FourFourTwo,Marc-Andre ter Stegen,Barcelona,2018,20
FourFourTwo,Miralem Pjanic,Juventus,2018,21
FourFourTwo,Jordi Alba,Barcelona,2018,22
FourFourTwo,Edinson Cavani,PSG,2018,23
FourFourTwo,Raheem Sterling,Manchester City,2018,24
FourFourTwo,Marcelo,Real Madrid,2018,25
FourFourTwo,Philippe Coutinho,Barcelona,2018,26
FourFourTwo,Diego Godin,Atletico Madrid,2018,27
FourFourTwo,Roberto Firmino,Liverpool,2018,28
FourFourTwo,Ederson,Manchester City,2018,29
FourFourTwo,Marco Reus,Borussia Dortmund,2018,30
FourFourTwo,Sadio Mane,Liverpool,2018,31
FourFourTwo,Raphael Varane,Real Madrid,2018,32
FourFourTwo,Paulo Dybala,Juventus,2018,33
FourFourTwo,Jose Gimenez,Atletico Madrid,2018,34
FourFourTwo,Dries Mertens,Napoli,2018,35
FourFourTwo,Casemiro,Real Madrid,2018,36
FourFourTwo,Kalidou Koulibaly,Napoli,2018,37
FourFourTwo,Ivan Rakitic,Barcelona,2018,38
FourFourTwo,James Rodriguez,Bayern Munich,2018,39
FourFourTwo,Samuel Umtiti,Barcelona,2018,40
FourFourTwo,Dani Carvajal,Real Madrid,2018,41
FourFourTwo,Alisson,Liverpool,2018,42
FourFourTwo,Sergio Ramos,Real Madrid,2018,43
FourFourTwo,Cesar Azpilicueta,Chelsea,2018,44
FourFourTwo,Pierre-Emerick Aubameyang,Arsenal,2018,45
FourFourTwo,Christian Eriksen,Tottenham,2018,46
FourFourTwo,Thomas Meunier,PSG,2018,47
FourFourTwo,Jan Vertonghen,Tottenham,2018,48
FourFourTwo,Kyle Walker,Manchester City,2018,49
FourFourTwo,Paul Pogba,Manchester United,2018,50
FourFourTwo,Sergio Busquets,Barcelona,2018,51
FourFourTwo,Bernardo Silva,Manchester City,2018,52
FourFourTwo,Lorenzo Insigne,Napoli,2018,53
FourFourTwo,Fernandinho,Manchester City,2018,54
FourFourTwo,Joshua Kimmich,Bayern Munich,2018,55
FourFourTwo,Mario Mandzukic,Juventus,2018,56
FourFourTwo,Jorginho,Chelsea,2018,57
FourFourTwo,Toni Kroos,Real Madrid,2018,58
FourFourTwo,Lucas Hernandez,Atletico Madrid,2018,59
FourFourTwo,Gareth Bale,Real Madrid,2018,60
FourFourTwo,Niklas Sule,Bayern Munich,2018,61
FourFourTwo,Ivan Perisic,Inter Milan,2018,62
FourFourTwo,Angel Di Maria,PSG,2018,63
FourFourTwo,Isco,Real Madrid,2018,64
FourFourTwo,Koke,Atletico Madrid,2018,65
FourFourTwo,Joao Cancelo,Juventus,2018,66
FourFourTwo,Andrew Robertson,Liverpool,2018,67
FourFourTwo,Ciro Immobile,Lazio,2018,68
FourFourTwo,Gonzalo Higuain,AC Milan,2018,69
FourFourTwo,Iago Aspas,Celta Vigo,2018,70
FourFourTwo,Saul Niguez,Atletico Madrid,2018,71
FourFourTwo,Riyad Mahrez,Manchester City,2018,72
FourFourTwo,Toby Alderweireld,Tottenham,2018,73
FourFourTwo,Axel Witsel,Borussia Dortmund,2018,74
FourFourTwo,Gerard Pique,Barcelona,2018,75
FourFourTwo,Thibaut Courtois,Real Madrid,2018,76
FourFourTwo,Milan Skriniar,Inter Milan,2018,77
FourFourTwo,Alexandre Lacazette,Arsenal,2018,78
FourFourTwo,Leroy Sane,Manchester City,2018,79
FourFourTwo,Dele Alli,Tottenham,2018,80
FourFourTwo,Arjen Robben,Bayern Munich,2018,81
FourFourTwo,Benjamin Mendy,Manchester City,2018,82
FourFourTwo,Kepa Arrizabalaga,Chelsea,2018,83
FourFourTwo,Thiago Alcantara,Bayern Munich,2018,84
FourFourTwo,Keylor Navas,Real Madrid,2018,85
FourFourTwo,Blaise Matuidi,Juventus,2018,86
FourFourTwo,Giorgio Chiellini,Juventus,2018,87
FourFourTwo,Hugo Lloris,Tottenham,2018,88
FourFourTwo,Florian Thauvin,Marseille,2018,89
FourFourTwo,Nabil Fekir,Lyon,2018,90
FourFourTwo,Edin Dzeko,Roma,2018,91
FourFourTwo,Timo Werner,RB Leipzig,2018,92
FourFourTwo,Sergej Milinkovic-Savic,Lazio,2018,93
FourFourTwo,Ante Rebic,Eintracht Frankfurt,2018,94
FourFourTwo,Romelu Lukaku,Manchester United,2018,95
FourFourTwo,Alessio Romagnoli,AC Milan,2018,96
FourFourTwo,Gabriel Jesus,Manchester City,2018,97
FourFourTwo,Memphis Depay,Lyon,2018,98
FourFourTwo,Thorgan Hazard,Borussia Monchengladbach,2018,99
FourFourTwo,Hirving Lozano,PSV,2018,100
FourFourTwo,Lionel Messi,Barcelona,2017,1
FourFourTwo,Cristiano Ronaldo,Real Madrid,2017,2
FourFourTwo,Neymar,PSG,2017,3
FourFourTwo,Robert Lewandowski,Bayern Munich,2017,4
FourFourTwo,Kevin De Bruyne,Man City,2017,5
FourFourTwo,Luka Modric,Real Madrid,2017,6
FourFourTwo,N'Golo Kante,Chelsea,2017,7
FourFourTwo,Pierre-Emerick Aubameyang,Borussia Dortmund,2017,8
FourFourTwo,Sergio Aguero,Man City,2017,9
FourFourTwo,Edinson Cavani,PSG,2017,10
FourFourTwo,Gonzalo Higuain,Juventus,2017,11
FourFourTwo,Jan Oblak,Real Madrid,2017,12
FourFourTwo,Harry Kane,Tottenham,2017,13
FourFourTwo,Mauro Icardi,Inter Milan,2017,14
FourFourTwo,Eden Hazard,Chelsea,2017,15
FourFourTwo,Paulo Dybala,Juventus,2017,16
FourFourTwo,Sergio Ramos,Real Madrid,2017,17
FourFourTwo,Dries Mertens,Napoli,2017,18
FourFourTwo,Paul Pogba,Man Utd,2017,19
FourFourTwo,Antoine Griezmann,Atletico Madrid,2017,20
FourFourTwo,Isco,Real Madrid,2017,21
FourFourTwo,David de Gea,Man Utd,2017,22
FourFourTwo,Toni Kroos,Real Madrid,2017,23
FourFourTwo,Sergio Busquets,Barcelona,2017,24
FourFourTwo,David Silva,Man City,2017,25
FourFourTwo,Kylian Mbappe,PSG,2017,26
FourFourTwo,Thibaut Courtois,Chelsea,2017,27
FourFourTwo,Gianluigi Buffon,Juventus,2017,28
FourFourTwo,Luis Suarez,Barcelona,2017,29
FourFourTwo,Marcelo,Real Madrid,2017,30
FourFourTwo,Marco Verratti,PSG,2017,31
FourFourTwo,Mohamed Salah,Liverpool,2017,32
FourFourTwo,Casemiro,Real Madrid,2017,33
FourFourTwo,Thiago Alcantara,Bayern Munich,2017,34
FourFourTwo,Alexis Sanchez,Arsenal,2017,35
FourFourTwo,Gabriel Jesus,Man City,2017,36
FourFourTwo,Gerard Pique,Barcelona,2017,37
FourFourTwo,Radja Nainggolan,Roma,2017,38
FourFourTwo,Cesar Azpilicueta,Chelsea,2017,39
FourFourTwo,Philippe Coutinho,Liverpool,2017,40
FourFourTwo,Marc-Andre ter Stegen,Barcelona,2017,41
FourFourTwo,Arjen Robben,Bayern Munich,2017,42
FourFourTwo,Andres Iniesta,Barcelona,2017,43
FourFourTwo,Kalidou Koulibaly,Napoli,2017,44
FourFourTwo,Mats Hummels,Bayern Munich,2017,45
FourFourTwo,Radamel Falcao,Monaco,2017,46
FourFourTwo,Manuel Neuer,Bayern Munich,2017,47
FourFourTwo,Lorenzo Insigne,Napoli,2017,48
FourFourTwo,Christian Eriksen,Tottenham,2017,49
FourFourTwo,Romelu Lukaku,Man Utd,2017,50
FourFourTwo,Timo Werner,RB Leipzig,2017,51
FourFourTwo,Miralem Pjanic,Juventus,2017,52
FourFourTwo,Leonardo Bonucci,Milan,2017,53
FourFourTwo,Marek Hamsik,Napoli,2017,54
FourFourTwo,Keylor Navas,Real Madrid,2017,55
FourFourTwo,Joshua Kimmich,Bayern Munich,2017,56
FourFourTwo,Diego Godin,Atletico Madrid,2017,57
FourFourTwo,Dani Carvajal,Real Madrid,2017,58
FourFourTwo,Ederson,Man City,2017,59
FourFourTwo,Gareth Bale,Real Madrid,2017,60
FourFourTwo,Alvaro Morata,Chelsea,2017,61
FourFourTwo,Jorginho,Napoli,2017,62
FourFourTwo,Daniel Alves,PSG,2017,63
FourFourTwo,Naby Keita,RB Leipzig,2017,64
FourFourTwo,Leroy Sane,Man City,2017,65
FourFourTwo,Toby Alderweireld,Tottenham,2017,66
FourFourTwo,Jordi Alba,Barcelona,2017,67
FourFourTwo,Jan Vertonghen,Tottenham,2017,68
FourFourTwo,David Alaba,Bayern Munich,2017,69
FourFourTwo,Sadio Mane,Liverpool,2017,70
FourFourTwo,Hugo Lloris,Tottenham,2017,71
FourFourTwo,Alex Sandro,Juventus,2017,72
FourFourTwo,Fernandinho,Man City,2017,73
FourFourTwo,Emil Forsberg,RB Leipzig,2017,74
FourFourTwo,Raheem Sterling,Man City,2017,75
FourFourTwo,Thiago Silva,PSG,2017,76
FourFourTwo,Arturo Vidal,Bayern Munich,2017,77
FourFourTwo,Giorgio Chiellini,Juventus,2017,78
FourFourTwo,Koke,Atletico Madrid,2017,79
FourFourTwo,Niklas Sule,Bayern Munich,2017,80
FourFourTwo,Alexandre Lacazette,Arsenal,2017,81
FourFourTwo,Nabil Fekir,Lyon,2017,82
FourFourTwo,Dele Alli,Tottenham,2017,83
FourFourTwo,Samir Handanovic,Inter Milan,2017,84
FourFourTwo,Filipe Luis,Atletico Madrid,2017,85
FourFourTwo,Cesc Fabregas,Chelsea,2017,86
FourFourTwo,Ivan Rakitic,Barcelona,2017,87
FourFourTwo,Thomas Muller,Bayern Munich,2017,88
FourFourTwo,Karim Benzema,Real Madrid,2017,89
FourFourTwo,Gianluigi Donnarumma,Milan,2017,90
FourFourTwo,Thomas Lemar,Monaco,2017,91
FourFourTwo,Antonio Valencia,Man Utd,2017,92
FourFourTwo,Raphael Varane,Real Madrid,2017,93
FourFourTwo,Javi Martinez,Bayern Munich,2017,94
FourFourTwo,Marco Asensio,Real Madrid,2017,95
FourFourTwo,Roberto Firmino,Liverpool,2017,96
FourFourTwo,Samuel Umtiti,Barcelona,2017,97
FourFourTwo,Edin Dzeko,Roma,2017,98
FourFourTwo,Adrien Rabiot,PSG,2017,99
FourFourTwo,Christian Pulisic,Borussia Dortmund,2017,100
FourFourTwo,Cristiano Ronaldo,Real Madrid,2016,1
FourFourTwo,Lionel Messi,Barcelona,2016,2
FourFourTwo,Luis Suarez,Barcelona,2016,3
FourFourTwo,Antoine Griezmann,Atletico Madrid,2016,4
FourFourTwo,Neymar,Barcelona,2016,5
FourFourTwo,Gareth Bale,Real Madrid,2016,6
FourFourTwo,Robert Lewandowski,Bayern Munich,2016,7
FourFourTwo,Kevin De Bruyne,Man City,2016,8
FourFourTwo,Sergio Aguero,Man City,2016,9
FourFourTwo,Manuel Neuer,Bayern Munich,2016,10
FourFourTwo,Thomas Muller,Bayern Munich,2016,11
FourFourTwo,Luka Modric,Real Madrid,2016,12
FourFourTwo,Pierre-Emerick Aubameyang,Borussia Dortmund,2016,13
FourFourTwo,Paul Pogba,Man Utd,2016,14
FourFourTwo,Gonzalo Higuain,Juventus,2016,15
FourFourTwo,Jerome Boateng,Bayern Munich,2016,16
FourFourTwo,Alexis Sanchez,Arsenal,2016,17
FourFourTwo,Zlatan Ibrahimovic,Man Utd,2016,18
FourFourTwo,Andres Iniesta,Barcelona,2016,19
FourFourTwo,Mesut Ozil,Arsenal,2016,20
FourFourTwo,Diego Godin,Atletico Madrid,2016,21
FourFourTwo,Sergio Busquets,Barcelona,2016,22
FourFourTwo,Toni Kroos,Real Madrid,2016,23
FourFourTwo,Philipp Lahm,Bayern Munich,2016,24
FourFourTwo,Leonardo Bonucci,Juventus,2016,25
FourFourTwo,Ivan Rakitic,Barcelona,2016,26
FourFourTwo,Eden Hazard,Chelsea,2016,27
FourFourTwo,David Alaba,Bayern Munich,2016,28
FourFourTwo,Gerard Pique,Barcelona,2016,29
FourFourTwo,N'Golo Kante,Chelsea,2016,30
FourFourTwo,David De Gea,Man Utd,2016,31
FourFourTwo,David Silva,Man City,2016,32
FourFourTwo,Toby Alderweireld,Tottenham,2016,33
FourFourTwo,Gianluigi Buffon,Juventus,2016,34
FourFourTwo,Sergio Ramos,Real Madrid,2016,35
FourFourTwo,Arturo Vidal,Bayern Munich,2016,36
FourFourTwo,Riyad Mahrez,Leicester City,2016,37
FourFourTwo,Jan Oblak,Atletico Madrid,2016,38
FourFourTwo,Giorgio Chiellini,Juventus,2016,39
FourFourTwo,Dimitri Payet,West Ham,2016,40
FourFourTwo,Diego Costa,Chelsea,2016,41
FourFourTwo,Karim Benzema,Real Madrid,2016,42
FourFourTwo,Edinson Cavani,PSG,2016,43
FourFourTwo,Douglas Costa,Bayern Munich,2016,44
FourFourTwo,Pepe,Real Madrid,2016,45
FourFourTwo,Thiago Alcantara,Bayern Munich,2016,46
FourFourTwo,Paulo Dybala,Juventus,2016,47
FourFourTwo,Raphael Guerreiro,Borussia Dortmund,2016,48
FourFourTwo,Koke,Atletico Madrid,2016,49
FourFourTwo,Mats Hummels,Bayern Munich,2016,50
FourFourTwo,Philippe Coutinho,Liverpool,2016,51
FourFourTwo,Angel Di Maria,PSG,2016,52
FourFourTwo,Javier Mascherano,Barcelona,2016,53
FourFourTwo,James Rodriguez,Real Madrid,2016,54
FourFourTwo,Miralem Pjanic,Juventus,2016,55
FourFourTwo,Alexandre Lacazette,Lyon,2016,56
FourFourTwo,Raheem Sterling,Man City,2016,57
FourFourTwo,Joshua Kimmich,Bayern Munich,2016,58
FourFourTwo,Raphael Varane,Real Madrid,2016,59
FourFourTwo,Henrikh Mkhitaryan,Man Utd,2016,60
FourFourTwo,Xabi Alonso,Bayern Munich,2016,61
FourFourTwo,Thiago Silva,PSG,2016,62
FourFourTwo,Thibaut Courtois,Chelsea,2016,63
FourFourTwo,Marek Hamsik,Napoli,2016,64
FourFourTwo,Julian Weigl,Borussia Dortmund,2016,65
FourFourTwo,Arjen Robben,Bayern Munich,2016,66
FourFourTwo,Franck Ribery,Bayern Munich,2016,67
FourFourTwo,Radja Nainggolan,Roma,2016,68
FourFourTwo,Renato Sanches,Bayern Munich,2016,69
FourFourTwo,Marco Reus,Borussia Dortmund,2016,70
FourFourTwo,Mauro Icardi,Inter Milan,2016,71
FourFourTwo,Harry Kane,Tottenham,2016,72
FourFourTwo,Claudio Marchisio,Juventus,2016,73
FourFourTwo,Roberto Firmino,Liverpool,2016,74
FourFourTwo,Dele Alli,Tottenham,2016,75
FourFourTwo,Marcelo,Real Madrid,2016,76
FourFourTwo,Samuel Umtiti,Barcelona,2016,77
FourFourTwo,Kevin Gameiro,Atletico Madrid,2016,78
FourFourTwo,Ilkay Gundogan,Man City,2016,79
FourFourTwo,Carlos Bacca,AC Milan,2016,80
FourFourTwo,Hugo Lloris,Tottenham,2016,81
FourFourTwo,Jamie Vardy,Leicester City,2016,82
FourFourTwo,Keylor Navas,Real Madrid,2016,83
FourFourTwo,Javier Hernandez,Bayer Leverkusen,2016,84
FourFourTwo,Andrea Barzagli,Juventus,2016,85
FourFourTwo,Santi Cazorla,Arsenal,2016,86
FourFourTwo,Filipe Luis,Atletico Madrid,2016,87
FourFourTwo,Adrien Rabiot,PSG,2016,88
FourFourTwo,Kalidou Koulibaly,Napoli,2016,89
FourFourTwo,Romelu Lukaku,Everton,2016,90
FourFourTwo,Julian Brandt,Bayer Leverkusen,2016,91
FourFourTwo,Juan Mata,Man Utd,2016,92
FourFourTwo,Jonas,Benfica,2016,93
FourFourTwo,Ever Banega,Inter Milan,2016,94
FourFourTwo,Mohamed Salah,Roma,2016,95
FourFourTwo,Joao Mario,Inter Milan,2016,96
FourFourTwo,Hakim Ziyech,Ajax,2016,97
FourFourTwo,Blaise Matuidi,PSG,2016,98
FourFourTwo,Petr Cech,Arsenal,2016,99
FourFourTwo,Ousmane Dembele,Borussia Dortmund,2016,100
FourFourTwo,Lionel Messi,Barcelona,2015,1
FourFourTwo,Cristiano Ronaldo,Real Madrid,2015,2
FourFourTwo,Neymar,Barcelona,2015,3
FourFourTwo,Robert Lewandowski,Bayern Munich,2015,4
FourFourTwo,Luis Suarez,Barcelona,2015,5
FourFourTwo,Thomas Muller,Bayern Munich,2015,6
FourFourTwo,Manuel Neuer,Bayern Munich,2015,7
FourFourTwo,Gareth Bale,Real Madrid,2015,8
FourFourTwo,Sergio Aguero,Man City,2015,9
FourFourTwo,Arjen Robben,Bayern Munich,2015,10
FourFourTwo,Alexis Sanchez,Arsenal,2015,11
FourFourTwo,Ivan Rakitic,Barcelona,2015,12
FourFourTwo,Philipp Lahm,Bayern Munich,2015,13
FourFourTwo,Paul Pogba,Juventus,2015,14
FourFourTwo,Andres Iniesta,Barcelona,2015,15
FourFourTwo,Zlatan Ibrahimovic,PSG,2015,16
FourFourTwo,Kevin De Bruyne,Man City,2015,17
FourFourTwo,Diego Godin,Atletico Madrid,2015,18
FourFourTwo,Eden Hazard,Chelsea,2015,19
FourFourTwo,David Alaba,Bayern Munich,2015,20
FourFourTwo,Sergio Busquets,Barcelona,2015,21
FourFourTwo,Giorgio Chiellini,Juventus,2015,22
FourFourTwo,Luka Modric,Real Madrid,2015,23
FourFourTwo,Mesut Ozil,Arsenal,2015,24
FourFourTwo,David Silva,Man City,2015,25
FourFourTwo,David De Gea,Man Utd,2015,26
FourFourTwo,James Rodriguez,Real Madrid,2015,27
FourFourTwo,Toni Kroos,Real Madrid,2015,28
FourFourTwo,Thibaut Courtois,Chelsea,2015,29
FourFourTwo,Raphael Varane,Real Madrid,2015,30
FourFourTwo,Antoine Griezmann,Atletico Madrid,2015,31
FourFourTwo,Pierre-Emerick Aubameyang,Borussia Dortmund,2015,32
FourFourTwo,Sergio Ramos,Real Madrid,2015,33
FourFourTwo,Douglas Costa,Bayern Munich,2015,34
FourFourTwo,Gerard Pique,Barcelona,2015,35
FourFourTwo,Karim Benzema,Real Madrid,2015,36
FourFourTwo,Javier Mascherano,Barcelona,2015,37
FourFourTwo,Arturo Vidal,Bayern Munich,2015,38
FourFourTwo,Yaya Toure,Man City,2015,39
FourFourTwo,Jerome Boateng,Bayern Munich,2015,40
FourFourTwo,Carlos Tevez,Boca Juniors,2015,41
FourFourTwo,Gianluigi Buffon,Juventus,2015,42
FourFourTwo,Angel Di Maria,PSG,2015,43
FourFourTwo,Diego Costa,Chelsea,2015,44
FourFourTwo,Thiago Silva,PSG,2015,45
FourFourTwo,Marco Reus,Borussia Dortmund,2015,46
FourFourTwo,Mario Gotze,Bayern Munich,2015,47
FourFourTwo,Leonardo Bonucci,Juventus,2015,48
FourFourTwo,Raheem Sterling,Man City,2015,49
FourFourTwo,Xabi Alonso,Bayern Munich,2015,50
FourFourTwo,Nicolas Otamendi,Man City,2015,51
FourFourTwo,Koke,Atletico Madrid,2015,52
FourFourTwo,Franck Ribery,Bayern Munich,2015,53
FourFourTwo,Miralem Pjanic,Roma,2015,54
FourFourTwo,Edinson Cavani,PSG,2015,55
FourFourTwo,Vincent Kompany,Man City,2015,56
FourFourTwo,Jordi Alba,Barcelona,2015,57
FourFourTwo,Santi Cazorla,Arsenal,2015,58
FourFourTwo,Thiago Alcantara,Bayern Munich,2015,59
FourFourTwo,Petr Cech,Arsenal,2015,60
FourFourTwo,Mats Hummels,Borussia Dortmund,2015,61
FourFourTwo,Arda Turan,Barcalona,2015,62
FourFourTwo,Gonzalo Higuain,Napoli,2015,63
FourFourTwo,Nemanja Matic,Chelsea,2015,64
FourFourTwo,Isco,Real Madrid,2015,65
FourFourTwo,Alexandre Lacazette,Lyon,2015,66
FourFourTwo,Cesc Fabregas,Chelsea,2015,67
FourFourTwo,Bastian Schweinsteiger,Man Utd,2015,68
FourFourTwo,Alvaro Morata,Juventus,2015,69
FourFourTwo,Keylor Navas,Real Madrid,2015,70
FourFourTwo,Marcelo,Real Madrid,2015,71
FourFourTwo,Cesar Azpilicueta,Chelsea,2015,72
FourFourTwo,Radja Nainggolan,Roma,2015,73
FourFourTwo,Juan Mata,Man Utd,2015,74
FourFourTwo,Joe Hart,Man City,2015,75
FourFourTwo,Memphis Depay,Man Utd,2015,76
FourFourTwo,Danilo,Real Madrid,2015,77
FourFourTwo,Hulk,Zenit,2015,78
FourFourTwo,Daniele De Rossi,Roma,2015,79
FourFourTwo,Hakan Calhanoglu,Bayer Leverkusen,2015,80
FourFourTwo,Alex Teixeira,Shakhtar,2015,81
FourFourTwo,Claudio Marchisio,Juventus,2015,82
FourFourTwo,Blaise Matuidi,PSG,2015,83
FourFourTwo,Felipe Anderson,Lazio,2015,84
FourFourTwo,Mauro Icardi,Inter,2015,85
FourFourTwo,William Carvalho,Sporting,2015,86
FourFourTwo,Marco Verratti,PSG,2015,87
FourFourTwo,Dimitri Payet,West Ham,2015,88
FourFourTwo,Javier Pastore,PSG,2015,89
FourFourTwo,Harry Kane,Tottenham,2015,90
FourFourTwo,Wayne Rooney,Man Utd,2015,91
FourFourTwo,Carlos Bacca,AC Milan,2015,92
FourFourTwo,Anthony Martial,Man Utd,2015,93
FourFourTwo,Sebastian Giovinco,Toronto,2015,94
FourFourTwo,Son Heung-Min,Tottenham,2015,95
FourFourTwo,Stephan Lichtsteiner,Juventus,2015,96
FourFourTwo,Ricardo Rodriguez,Wolfsburg,2015,97
FourFourTwo,Ezequiel Garay,Zenit,2015,98
FourFourTwo,Grzegorz Krychowiak,Sevilla,2015,99
FourFourTwo,Mohamed Salah,Roma,2015,100
FourFourTwo,Cristiano Ronaldo,Real Madrid,2014,1
FourFourTwo,Philipp Lahm,Bayern Munich,2014,2
FourFourTwo,Lionel Messi,Barcelona,2014,3
FourFourTwo,Manuel Neuer,Bayern Munich,2014,4
FourFourTwo,Gareth Bale,Real Madrid,2014,5
FourFourTwo,Zlatan Ibrahimovic,PSG,2014,6
FourFourTwo,Diego Costa,Chelsea,2014,7
FourFourTwo,Luis Suarez,Barcelona,2014,8
FourFourTwo,Angel di Maria,Manchester United,2014,9
FourFourTwo,Arjen Robben,Bayern Munich,2014,10
FourFourTwo,Thibaut Courtois,Chelsea,2014,11
FourFourTwo,Andres Iniesta,Barcelona,2014,12
FourFourTwo,Thomas Muller,Bayern Munich,2014,13
FourFourTwo,Toni Kroos,Real Madrid,2014,14
FourFourTwo,Neymar,Barcelona,2014,15
FourFourTwo,Sergio Aguero,Manchester City,2014,16
FourFourTwo,Diego Godin,Atletico Madrid,2014,17
FourFourTwo,Luka Modric,Real Madrid,2014,18
FourFourTwo,Cesc Fabregas,Chelsea,2014,19
FourFourTwo,Yaya Toure,Manchester City,2014,20
FourFourTwo,Robert Lewandowski,Bayern Munich,2014,21
FourFourTwo,Bastian Schweinsteiger,Bayern Munich,2014,22
FourFourTwo,Marco Reus,Borussia Dortmund,2014,23
FourFourTwo,David Silva,Manchester City,2014,24
FourFourTwo,Mario Gotze,Bayern Munich,2014,25
FourFourTwo,Eden Hazard,Chelsea,2014,26
FourFourTwo,Arturo Vidal,Juventus,2014,27
FourFourTwo,Sergio Ramos,Real Madrid,2014,28
FourFourTwo,Thiago Silva,PSG,2014,29
FourFourTwo,Ivan Rakitic,Barcelona,2014,30
FourFourTwo,Franck Ribery,Bayern Munich,2014,31
FourFourTwo,James Rodriguez,Real Madrid,2014,32
FourFourTwo,Sergio Busquets,Barcelona,2014,33
FourFourTwo,Alexis Sanchez,Arsenal,2014,34
FourFourTwo,Karim Benzema,Real Madrid,2014,35
FourFourTwo,Paul Pogba,Juventus,2014,36
FourFourTwo,Nemanja Matic,Chelsea,2014,37
FourFourTwo,Vincent Kompany,Manchester City,2014,38
FourFourTwo,Radamel Falcao,Manchester United,2014,39
FourFourTwo,Carlos Tevez,Juventus,2014,40
FourFourTwo,Jerome Boateng,Bayern Munich,2014,41
FourFourTwo,Javier Mascherano,Barcelona,2014,42
FourFourTwo,Xabi Alonso,Bayern Munich,2014,43
FourFourTwo,Branislav Ivanovic,Chelsea,2014,44
FourFourTwo,Robin van Persie,Manchester United,2014,45
FourFourTwo,David Alaba,Bayern Munich,2014,46
FourFourTwo,Koke,Atletico Madrid,2014,47
FourFourTwo,Mesut Ozil,Arsenal,2014,48
FourFourTwo,Wayne Rooney,Manchester United,2014,49
FourFourTwo,Arda Turan,Atletico Madrid,2014,50
FourFourTwo,Antonio Di Natale,Udinese,2014,51
FourFourTwo,Leonardo Bonucci,Juventus,2014,52
FourFourTwo,Mario Mandzukic,Atletico Madrid,2014,53
FourFourTwo,Gianluigi Buffon,Juventus,2014,54
FourFourTwo,Gabi,Atletico Madrid,2014,55
FourFourTwo,Giorgio Chiellini,Juventus,2014,56
FourFourTwo,Xavi,Barcelona,2014,57
FourFourTwo,Oscar,Chelsea,2014,58
FourFourTwo,Gonzalo Higuain,Napoli,2014,59
FourFourTwo,Raheem Sterling,Liverpool,2014,60
FourFourTwo,Mats Hummels,Borussia Dortmund,2014,61
FourFourTwo,Francesco Totti,Roma,2014,62
FourFourTwo,Keylor Navas,Real Madrid,2014,63
FourFourTwo,Edinson Cavani,PSG,2014,64
FourFourTwo,Daley Blind,Manchester United,2014,65
FourFourTwo,Daniele De Rossi,Roma,2014,66
FourFourTwo,Juan Cuadrado,Fiorentina,2014,67
FourFourTwo,Ezequiel Garay,Zenit St Petersburg,2014,68
FourFourTwo,Pedro,Barcelona,2014,69
FourFourTwo,Andrea Pirlo,Juventus,2014,70
FourFourTwo,Marcelo,Real Madrid,2014,71
FourFourTwo,Miralem Pjanic,Roma,2014,72
FourFourTwo,Daniel Sturridge,Liverpool,2014,73
FourFourTwo,Javi Martinez,Bayern Munich,2014,74
FourFourTwo,Antoine Griezmann,Atletico Madrid,2014,75
FourFourTwo,Isco,Real Madrid,2014,76
FourFourTwo,Dante,Bayern Munich,2014,77
FourFourTwo,Juan Mata,Manchester United,2014,78
FourFourTwo,Santi Cazorla,Arsenal,2014,79
FourFourTwo,Gervinho,Roma,2014,80
FourFourTwo,Blaise Matuidi,PSG,2014,81
FourFourTwo,David De Gea,Manchester United,2014,82
FourFourTwo,Cesar Azpilicueta,Chelsea,2014,83
FourFourTwo,Henrikh Mkhitaryan,Borussia Dortmund,2014,84
FourFourTwo,Raphael Varane,Real Madrid,2014,85
FourFourTwo,Aaron Ramsey,Arsenal,2014,86
FourFourTwo,Martin Caceres,Juventus,2014,87
FourFourTwo,Hugo Lloris,Tottenham,2014,88
FourFourTwo,Samir Nasri,Manchester City,2014,89
FourFourTwo,Ciro Immobile,Borussia Dortmund,2014,90
FourFourTwo,Mehdi Benatia,Bayern Munich,2014,91
FourFourTwo,Jackson Martinez,Bayern Munich,2014,92
FourFourTwo,Pablo Zabaleta,Manchester City,2014,93
FourFourTwo,Mathieu Valbuena,Dinamo Moscow,2014,94
FourFourTwo,Daniel Alves,Barcelona,2014,95
FourFourTwo,Jose Callejon,Napoli,2014,96
FourFourTwo,Memphis Depay,PSV,2014,97
FourFourTwo,Stephan Lichtsteiner,Juventus,2014,98
FourFourTwo,Mario Balotelli,Liverpool,2014,99
FourFourTwo,Ricardo Rodriguez,Wolfsburg,2014,100
FourFourTwo,Cristiano Ronaldo,Real Madrid,2013,1
FourFourTwo,Lionel Messi,Barcelona,2013,2
FourFourTwo,Franck Ribery,Bayern Munich,2013,3
FourFourTwo,Radamel Falcao,Monaco,2013,4
FourFourTwo,Andres Iniesta,Barcelona,2013,5
FourFourTwo,Zlatan Ibrahimovic,PSG,2013,6
FourFourTwo,Philipp Lahm,Bayern Munich,2013,7
FourFourTwo,Gareth Bale,Real Madrid,2013,8
FourFourTwo,Robin van Persie,Manchester United,2013,9
FourFourTwo,Thiago Silva,PSG,2013,10
FourFourTwo,Sergio Busquets,Barcelona,2013,11
FourFourTwo,Robert Lewandowski,Borussia Dortmund,2013,12
FourFourTwo,Xavi,Barcelona,2013,13
FourFourTwo,Edinson Cavani,PSG,2013,14
FourFourTwo,Cesc Fabregas,Barcelona,2013,15
FourFourTwo,Mesut Ozil,Arsenal,2013,16
FourFourTwo,Yaya Toure,Manchester City,2013,17
FourFourTwo,Neymar,Barcelona,2013,18
FourFourTwo,Luis Suarez,Liverpool,2013,19
FourFourTwo,Sergio Aguero,Manchester City,2013,20
FourFourTwo,Bastian Schweinsteiger,Bayern Munich,2013,21
FourFourTwo,Marco Reus,Borussia Dortmund,2013,22
FourFourTwo,Wayne Rooney,Manchester United,2013,23
FourFourTwo,Dante,Bayern Munich,2013,24
FourFourTwo,Juan Mata,Chelsea,2013,25
FourFourTwo,Thomas Muller,Bayern Munich,2013,26
FourFourTwo,Isco,Real Madrid,2013,27
FourFourTwo,Manuel Neuer,Bayern Munich,2013,28
FourFourTwo,Pedro,Barcelona,2013,29
FourFourTwo,Vincent Kompany,Manchester City,2013,30
FourFourTwo,Javi Martinez,Bayern Munich,2013,31
FourFourTwo,Gonzalo Higuain,Napoli,2013,32
FourFourTwo,Arturo Vidal,Juventus,2013,33
FourFourTwo,Arjen Robben,Bayern Munich,2013,34
FourFourTwo,Sergio Ramos,Real Madrid,2013,35
FourFourTwo,Andrea Pirlo,Juventus,2013,36
FourFourTwo,David Silva,Manchester City,2013,37
FourFourTwo,Toni Kroos,Bayern Munich,2013,38
FourFourTwo,Ilkay Gundogan,Borussia Dortmund,2013,39
FourFourTwo,Mario Gotze,Bayern Munich,2013,40
FourFourTwo,Antonio Di Natale,Udinese,2013,41
FourFourTwo,Daniel Alves,Barcelona,2013,42
FourFourTwo,Angel di Maria,Real Madrid,2013,43
FourFourTwo,David Alaba,Bayern Munich,2013,44
FourFourTwo,Santi Cazorla,Arsenal,2013,45
FourFourTwo,Ashley Cole,Chelsea,2013,46
FourFourTwo,Gianluigi Buffon,Juventus,2013,47
FourFourTwo,Oscar,Chelsea,2013,48
FourFourTwo,Xabi Alonso,Real Madrid,2013,49
FourFourTwo,Thibaut Courtois,Atletico Madrid,2013,50
FourFourTwo,Mario Balotelli,AC Milan,2013,51
FourFourTwo,Carlos Tevez,Juventus,2013,52
FourFourTwo,Gerard Pique,Barcelona,2013,53
FourFourTwo,Eden Hazard,Chelsea,2013,54
FourFourTwo,Jordi Alba,Barcelona,2013,55
FourFourTwo,Marek Hamsik,Napoli,2013,56
FourFourTwo,Karim Benzema,Real Madrid,2013,57
FourFourTwo,Leonardo Bonucci,Juventus,2013,58
FourFourTwo,Giorgio Chiellini,Juventus,2013,59
FourFourTwo,Luka Modric,Real Madrid,2013,60
FourFourTwo,Joao Moutinho,Monaco,2013,61
FourFourTwo,Francesco Totti,Roma,2013,62
FourFourTwo,Marcelo,Real Madrid,2013,63
FourFourTwo,Paul Pogba,Juventus,2013,64
FourFourTwo,Arda Turan,Atletico Madrid,2013,65
FourFourTwo,Henrikh Mkhitaryan,Borussia Dortmund,2013,66
FourFourTwo,Claudio Marchisio,Juventus,2013,67
FourFourTwo,Mats Hummels,Borussia Dortmund,2013,68
FourFourTwo,Victor Valdes,Barcelona,2013,69
FourFourTwo,Blaise Matuidi,PSG,2013,70
FourFourTwo,Daniele De Rossi,Roma,2013,71
FourFourTwo,Jan Vertonghen,Tottenham,2013,72
FourFourTwo,Mario Mandzukic,Bayern Munich,2013,73
FourFourTwo,Michael Carrick,Manchester United,2013,74
FourFourTwo,Alvaro Negredo,Manchester City,2013,75
FourFourTwo,David Villa,Atletico Madrid,2013,76
FourFourTwo,Leighton Baines,Everton,2013,77
FourFourTwo,Samir Handanovic,Inter Milan,2013,78
FourFourTwo,Diego Costa,Atletico Madrid,2013,79
FourFourTwo,Hugo Lloris,Tottenham,2013,80
FourFourTwo,Andrea Barzagli,Juventus,2013,81
FourFourTwo,Jakub Blaszczykowski,Borussia Dortmund,2013,82
FourFourTwo,Stefan Kiessling,Bayern Leverkusen,2013,83
FourFourTwo,Stevan Jovetic,Manchester City,2013,84
FourFourTwo,Mathieu Valbuena,Marseille,2013,85
FourFourTwo,Nemanja Vidic,Manchester United,2013,86
FourFourTwo,Pierre-Emerick Aubameyang,Borussia Dortmund,2013,87
FourFourTwo,Ramires,Chelsea,2013,88
FourFourTwo,Jesus Navas,Manchester City,2013,89
FourFourTwo,Roberto Soldado,Tottenham,2013,90
FourFourTwo,Mario Gomez,Fiorentina,2013,91
FourFourTwo,Branislav Ivanovic,Chelsea,2013,92
FourFourTwo,Raphael Varane,Real Madrid,2013,93
FourFourTwo,Lukasz Piszczek,Borussia Dortmund,2013,94
FourFourTwo,Burak Yilmaz,Galatasaray,2013,95
FourFourTwo,Adem Ljajic,Roma,2013,96
FourFourTwo,Olivier Giroud,Arsenal,2013,97
FourFourTwo,Jackson Martinez,Porto,2013,98
FourFourTwo,Diego Lopez,Real Madrid,2013,99
FourFourTwo,Iker Casillas,Real Madrid,2013,99
FourFourTwo,Lionel Messi,Barcelona,2012,1
FourFourTwo,Cristiano Ronaldo,Real Madrid,2012,2
FourFourTwo,Andres Iniesta,Barcelona,2012,3
FourFourTwo,Radamel Falcao,Atletico Madrid,2012,4
FourFourTwo,Robin van Persie,Manchester United ,2012,5
FourFourTwo,Xavi,Barcelona,2012,6
FourFourTwo,Yaya Toure,Manchester City,2012,7
FourFourTwo,Sergio Aguero,Manchester City,2012,8
FourFourTwo,Andrea Pirlo,Juventus,2012,9
FourFourTwo,Wayne Rooney,Manchester United ,2012,10
FourFourTwo,Gareth Bale,Tottenham,2012,11
FourFourTwo,Iker Casillas,Real Madrid,2012,12
FourFourTwo,Zlatan Ibrahimovic,PSG,2012,13
FourFourTwo,Vincent Kompany,Manchester City,2012,14
FourFourTwo,Cesc Fabregas,Barcelona,2012,15
FourFourTwo,David Silva,Manchester City,2012,16
FourFourTwo,Karim Benzema,Real Madrid,2012,17
FourFourTwo,Philipp Lahm,Bayern Munich,2012,18
FourFourTwo,Xabi Alonso,Real Madrid,2012,19
FourFourTwo,Edinson Cavani,Napoli,2012,20
FourFourTwo,Thiago Silva,PSG,2012,21
FourFourTwo,Robert Lewandowski,Dortmund,2012,22
FourFourTwo,Sergio Busquets,Barcelona,2012,23
FourFourTwo,Gonzalo Higuain,Real Madrid,2012,24
FourFourTwo,Bastian Schweinsteiger,Bayern Munich,2012,25
FourFourTwo,Gianluigi Buffon,Juventus,2012,26
FourFourTwo,Angel di Maria,Real Madrid,2012,27
FourFourTwo,Neymar,Santos,2012,28
FourFourTwo,Sergio Ramos,Real Madrid,2012,29
FourFourTwo,Eden Hazard,Chelsea,2012,30
FourFourTwo,Mesut Ozil,Real Madrid,2012,31
FourFourTwo,Juan Mata,Chelsea,2012,32
FourFourTwo,Jordi Alba,Barcelona,2012,33
FourFourTwo,Franck Ribery,Bayern Munich,2012,34
FourFourTwo,David Villa,Barcelona,2012,35
FourFourTwo,Manuel Neuer,Bayern Munich,2012,36
FourFourTwo,Luka Modric,Real Madrid,2012,37
FourFourTwo,Gerard Pique,Barcelona,2012,38
FourFourTwo,Antonio Di Natale,Udinese,2012,39
FourFourTwo,Ashley Cole,Chelsea,2012,40
FourFourTwo,Pepe,Real Madrid,2012,41
FourFourTwo,Daniel Alves,Barcelona,2012,42
FourFourTwo,Daniele De Rossi,Roma,2012,43
FourFourTwo,Antonio Valencia,Manchester United ,2012,44
FourFourTwo,Luis Suarez,Liverpool,2012,45
FourFourTwo,Claudio Marchisio,Juventus,2012,46
FourFourTwo,Marco Reus,Dortmund,2012,47
FourFourTwo,Wesley Sneijder,Galatasaray,2012,48
FourFourTwo,Alexis Sanchez,Barcelona,2012,49
FourFourTwo,Santi Cazorla,Arsenal,2012,50
FourFourTwo,Joe Hart,Manchester City,2012,51
FourFourTwo,Pedro,Barcelona,2012,52
FourFourTwo,Samuel Eto'o,Anzhi,2012,53
FourFourTwo,Carles Puyol,Barcelona,2012,54
FourFourTwo,Klaas-Jan Huntelaar,Schalke 04,2012,55
FourFourTwo,Marcelo,Real Madrid,2012,56
FourFourTwo,Mats Hummels,Dortmund,2012,57
FourFourTwo,Ramires,Chelsea,2012,58
FourFourTwo,Giorgio Chiellini,Juventus,2012,59
FourFourTwo,Carlos Tevez,Manchester City,2012,60
FourFourTwo,Frank Lampard,Chelsea,2012,61
FourFourTwo,Javier Pastore,PSG,2012,62
FourFourTwo,Shinji Kagawa,Manchester United ,2012,63
FourFourTwo,Joao Moutinho,Porto,2012,64
FourFourTwo,Fernando Llorente,Athletic Club,2012,65
FourFourTwo,Arjen Robben,Bayern Munich,2012,66
FourFourTwo,Toni Kroos,Bayern Munich,2012,67
FourFourTwo,Thomas Vermaelen,Arsenal,2012,68
FourFourTwo,Samir Nasri,Manchester City,2012,69
FourFourTwo,Oscar,Chelsea,2012,70
FourFourTwo,Mario Balotelli,Milan,2012,71
FourFourTwo,Mario Gomez,Bayern Munich,2012,72
FourFourTwo,Miroslav Klose,Lazio,2012,73
FourFourTwo,Christian Eriksen,Ajax,2012,74
FourFourTwo,Andrea Barzagli,Juventus,2012,75
FourFourTwo,Nemanja Vidic,Manchester United ,2012,76
FourFourTwo,Lucas Moura,PSG,2012,77
FourFourTwo,Victor Valdes,Barcelona,2012,78
FourFourTwo,Hulk,Zenit St Petersburg,2012,79
FourFourTwo,Jakub Blaszczykowski,Dortmund,2012,80
FourFourTwo,Jeremy Menez,PSG,2012,81
FourFourTwo,Javi Martinez,Bayern Munich,2012,82
FourFourTwo,Marek Hamsik,Napoli,2012,83
FourFourTwo,Roberto Soldado,Valencia,2012,84
FourFourTwo,Samir Handanovic,Inter Milan,2012,85
FourFourTwo,Hernanes,Lazio,2012,86
FourFourTwo,Alan Dzagoev,CSKA Moscow,2012,87
FourFourTwo,Diego Milito,Inter Milan,2012,88
FourFourTwo,Isco,Malaga,2012,89
FourFourTwo,Kevin-Prince Boateng,Milan,2012,90
FourFourTwo,Marouane Fellaini,Everton,2012,91
FourFourTwo,Mario Gotze,Dortmund,2012,92
FourFourTwo,Lukas Podolski,Arsenal,2012,93
FourFourTwo,Javier Hernandez,Manchester United ,2012,94
FourFourTwo,Lukasz Piszczek,Dortmund,2012,95
FourFourTwo,Steven Gerrard,Liverpool,2012,96
FourFourTwo,Dede,Vasco da Gama,2012,97
FourFourTwo,Mario Mandzukic,Bayern Munich,2012,98
FourFourTwo,James Rodriguez,Porto,2012,99
FourFourTwo,Fernando Torres,Chelsea,2012,100
FourFourTwo,Lionel Messi,Barcelona,2011,1
FourFourTwo,Cristiano Ronaldo,Real Madrid,2011,2
FourFourTwo,Xavi,Barcelona,2011,3
FourFourTwo,Andres Iniesta,Barcelona,2011,4
FourFourTwo,David Villa,Barcelona,2011,5
FourFourTwo,Wayne Rooney,Manchester United,2011,6
FourFourTwo,David Silva,Manchester City,2011,7
FourFourTwo,Gerard Pique,Barcelona,2011,8
FourFourTwo,Robin van Persie,Arsenal,2011,9
FourFourTwo,Mesut Ozil,Real Madrid,2011,10
FourFourTwo,Cesc Fabregas,Barcelona,2011,11
FourFourTwo,Bastian Schweinsteiger,Bayern Munich,2011,12
FourFourTwo,Wesley Sneijder,Inter Milan,2011,13
FourFourTwo,Sergio Aguero,Manchester City,2011,14
FourFourTwo,Manuel Neuer,Bayern Munich,2011,15
FourFourTwo,Nemanja Vidic,Manchester United,2011,16
FourFourTwo,Sergio Busquets,Barcelona,2011,17
FourFourTwo,Luka Modric,Tottenham,2011,18
FourFourTwo,Iker Casillas,Real Madrid,2011,19
FourFourTwo,Luis Suarez,Liverpool,2011,20
FourFourTwo,Philipp Lahm,Bayern Munich,2011,21
FourFourTwo,Gonzalo Higuain,Real Madrid,2011,22
FourFourTwo,Neymar,Santos,2011,23
FourFourTwo,Daniel Alves,Barcelona,2011,24
FourFourTwo,Javier Pastore,PSG,2011,25
FourFourTwo,Edinson Cavani,Napoli,2011,26
FourFourTwo,Samir Nasri,Manchester City,2011,27
FourFourTwo,Pedro,Barcelona,2011,28
FourFourTwo,Samuel Eto'o,Anzhi,2011,29
FourFourTwo,Karim Benzema,Real Madrid,2011,30
FourFourTwo,Angel di Maria,Real Madrid,2011,31
FourFourTwo,Thiago Silva,AC Milan,2011,32
FourFourTwo,Zlatan Ibrahimovic,AC Milan,2011,33
FourFourTwo,Ashley Cole,Chelsea,2011,34
FourFourTwo,Vincent Kompany,Manchester City,2011,35
FourFourTwo,Nani,Manchester United,2011,36
FourFourTwo,Xabi Alonso,Real Madrid,2011,37
FourFourTwo,Franck Ribery,Bayern Munich,2011,38
FourFourTwo,Yaya Toure,Manchester City,2011,39
FourFourTwo,Fabio Coentrao,Real Madrid,2011,40
FourFourTwo,Mario Gotze,Borussia Dortmund,2011,41
FourFourTwo,Fernando Torres,Chelsea,2011,42
FourFourTwo,Patrice Evra,Manchester United,2011,43
FourFourTwo,Juan Mata,Chelsea,2011,44
FourFourTwo,Gareth Bale,Tottenham,2011,45
FourFourTwo,Mats Hummels,Borussia Dortmund,2011,46
FourFourTwo,Javier Hernandez,Manchester United,2011,47
FourFourTwo,Eden Hazard,LOSC Lille,2011,48
FourFourTwo,Arjen Robben,Bayern Munich,2011,49
FourFourTwo,John Terry,Chelsea,2011,50
FourFourTwo,Mario Gomez,Bayern Munich,2011,51
FourFourTwo,Antonio Di Natale,Udinese,2011,52
FourFourTwo,Didier Drogba,Chelsea,2011,53
FourFourTwo,Rafael van der Vaart,Tottenham,2011,54
FourFourTwo,Victor Valdes,Barcelona,2011,55
FourFourTwo,Frank Lampard,Chelsea,2011,56
FourFourTwo,Sergio Ramos,Real Madrid,2011,57
FourFourTwo,Carles Puyol,Barcelona,2011,58
FourFourTwo,Marcelo,Real Madrid,2011,59
FourFourTwo,Andrea Pirlo,Juventus,2011,60
FourFourTwo,Carlos Tevez,Manchester City,2011,61
FourFourTwo,Radamel Falcao,Atletico Madrid,2011,62
FourFourTwo,Eric Abidal,Barcelona,2011,63
FourFourTwo,Hugo Lloris,Lyon,2011,64
FourFourTwo,Michael Essien,Chelsea,2011,65
FourFourTwo,Giorgio Chiellini,Juventus,2011,66
FourFourTwo,Edin Dzeko,Manchester City,2011,67
FourFourTwo,Shinji Kagawa,Borussia Dortmund,2011,68
FourFourTwo,Alexandre Pato,AC Milan,2011,69
FourFourTwo,Alexis Sanchez,Barcelona,2011,70
FourFourTwo,Kaka,Real Madrid,2011,71
FourFourTwo,Marek Hamsik,Napoli,2011,72
FourFourTwo,Daniele De Rossi,Roma,2011,73
FourFourTwo,Hulk,Bayern Munich,2011,74
FourFourTwo,Robinho,AC Milan,2011,75
FourFourTwo,Christian Eriksen,Ajax,2011,76
FourFourTwo,Claudio Marchisio,Juventus,2011,77
FourFourTwo,Steven Gerrard,Liverpool,2011,78
FourFourTwo,Pepe,Real Madrid,2011,79
FourFourTwo,Yann M'Vila,Stade Rennes,2011,80
FourFourTwo,Diego Forlan,Inter Milan,2011,81
FourFourTwo,Santi Cazorla,Malaga,2011,82
FourFourTwo,Pepe Reina,Liverpool,2011,83
FourFourTwo,Jack Wilshere,Arsenal,2011,84
FourFourTwo,Lucio,Inter Milan,2011,85
FourFourTwo,Gianluigi Buffon,Juventus,2011,86
FourFourTwo,Javi Martinez,Athletic Bilbao,2011,87
FourFourTwo,Mario Balotelli,Manchester City,2011,88
FourFourTwo,Thomas Muller,Bayern Munich,2011,89
FourFourTwo,Alvaro Pereira,Porto,2011,90
FourFourTwo,Diego Lugano,PSG,2011,91
FourFourTwo,Fernando Llorente,Athletic Bilbao,2011,92
FourFourTwo,Joe Hart,Manchester City,2011,93
FourFourTwo,Javier Mascherano,Barcelona,2011,94
FourFourTwo,Miroslav Klose,Lazio,2011,95
FourFourTwo,Douglas Maicon,Inter Milan,2011,96
FourFourTwo,Kevin-Prince Boateng,AC Milan,2011,97
FourFourTwo,Giuseppe Rossi,Villarreal,2011,98
FourFourTwo,Rio Ferdinand,Manchester United,2011,99
FourFourTwo,Leandro Damiao,Internacional,2011,100
FourFourTwo,Lionel Messi,Barcelona,2010,1
FourFourTwo,David Villa,Barcelona,2010,2
FourFourTwo,Xavi,Barcelona,2010,3
FourFourTwo,Cristiano Ronaldo,Real Madrid,2010,4
FourFourTwo,Wesley Sneijder,Inter Milan,2010,5
FourFourTwo,Didier Drogba,Chelsea,2010,6
FourFourTwo,Andres Iniesta,Barcelona,2010,7
FourFourTwo,Samuel Eto'o,Inter Milan,2010,8
FourFourTwo,Gerard Pique,Barcelona,2010,9
FourFourTwo,Bastian Schweinsteiger,Bayern Munich,2010,10
FourFourTwo,Diego Forlan,Atletico Madrid,2010,11
FourFourTwo,Wayne Rooney,Manchester United,2010,12
FourFourTwo,Frank Lampard,Chelsea,2010,13
FourFourTwo,Cesc Fabregas,Arsenal,2010,14
FourFourTwo,Ashley Cole,Chelsea,2010,15
FourFourTwo,Fernando Torres,Chelsea,2010,16
FourFourTwo,Philipp Lahm,Bayern Munich,2010,17
FourFourTwo,Arjen Robben,Bayern Munich,2010,18
FourFourTwo,Iker Casillas,Real Madrid,2010,19
FourFourTwo,Steven Gerrard,Liverpool,2010,20
FourFourTwo,Florent Malouda,Chelsea,2010,21
FourFourTwo,Lucio,Inter Milan,2010,22
FourFourTwo,Gonzalo Higuain,Real Madrid,2010,23
FourFourTwo,Diego Milito,Inter Milan,2010,24
FourFourTwo,Mesut Ozil,Real Madrid,2010,25
FourFourTwo,Michael Essien,Chelsea,2010,26
FourFourTwo,Maicon,Inter Milan,2010,27
FourFourTwo,Daniel Alves,Barcelona,2010,28
FourFourTwo,Carlos Tevez,Manchester City,2010,29
FourFourTwo,Nemanja Vidic,Manchester United,2010,30
FourFourTwo,Gareth Bale,Tottenham,2010,31
FourFourTwo,Julio Cesar,Inter Milan,2010,32
FourFourTwo,Zlatan Ibrahimovic,AC Milan,2010,33
FourFourTwo,John Terry,Chelsea,2010,34
FourFourTwo,Xabi Alonso,Real Madrid,2010,35
FourFourTwo,Nicolas Anelka,Chelsea,2010,36
FourFourTwo,Luis Fabiano,Sao Paulo,2010,37
FourFourTwo,Sergio Busquets,Barcelona,2010,38
FourFourTwo,Kaka,Real Madrid,2010,39
FourFourTwo,Andrey Arshavin,Arsenal,2010,40
FourFourTwo,Javier Zanetti,Inter Milan,2010,41
FourFourTwo,Rafael van der Vaart,Tottenham,2010,42
FourFourTwo,Dimitar Berbatov,Manchester United,2010,43
FourFourTwo,Carles Puyol,Barcelona,2010,44
FourFourTwo,Sergio Aguero,Atletico Madrid,2010,45
FourFourTwo,Franck Ribery,Bayern Munich,2010,46
FourFourTwo,Patrice Evra,Manchester United,2010,47
FourFourTwo,Esteban Cambiasso,Inter Milan,2010,48
FourFourTwo,Sergio Ramos,Real Madrid,2010,49
FourFourTwo,Pedro,Barcelona,2010,50
FourFourTwo,Pepe Reina,Liverpool,2010,51
FourFourTwo,Rio Ferdinand,Manchester United,2010,52
FourFourTwo,Edin Dzeko,Manchester City,2010,53
FourFourTwo,Daniele De Rossi,Roma,2010,54
FourFourTwo,Yaya Toure,Manchester City,2010,55
FourFourTwo,Antonio Cassano,AC Milan,2010,56
FourFourTwo,David Silva,Manchester City,2010,57
FourFourTwo,Mark van Bommel,AC Milan,2010,58
FourFourTwo,Giorgio Chiellini,Juventus,2010,59
FourFourTwo,Robin van Persie,Arsenal,2010,60
FourFourTwo,Luka Modric,Tottenham,2010,61
FourFourTwo,Gianluigi Buffon,Juventus,2010,62
FourFourTwo,Paul Scholes,Manchester United,2010,63
FourFourTwo,Branislav Ivanovic,Chelsea,2010,64
FourFourTwo,Javier Mascherano,Barcelona,2010,65
FourFourTwo,Nani,Manchester United,2010,66
FourFourTwo,Yoann Gourcuff,Olympique Lyon,2010,67
FourFourTwo,Javier Pastore,Palermo,2010,68
FourFourTwo,Luis Suarez,Liverpool,2010,69
FourFourTwo,Jesus Navas,Sevilla,2010,70
FourFourTwo,Alexandre Pato,AC MIlan,2010,71
FourFourTwo,Seydou Keita,Barcelona,2010,72
FourFourTwo,Andrea Pirlo,AC Milan,2010,73
FourFourTwo,Thomas Muller,Bayern Munich,2010,74
FourFourTwo,Hugo Lloris,Olympique Lyon,2010,75
FourFourTwo,Robinho,AC Milan,2010,76
FourFourTwo,Sami Khedira,Real Madrid,2010,77
FourFourTwo,Ricardo Carvalho,Real Madrid,2010,78
FourFourTwo,Dirk Kuyt,Liverpool,2010,79
FourFourTwo,Fabio Coentrao,Benfica,2010,80
FourFourTwo,Marouane Chamakh,Arsenal,2010,81
FourFourTwo,Nigel de Jong,Manchester City,2010,82
FourFourTwo,Victor Valdes,Barcelona,2010,83
FourFourTwo,Angel di Maria,Real Madrid,2010,84
FourFourTwo,Thomas Vermaelen,Arsenal,2010,85
FourFourTwo,Alberto Gilardino,Fiorentina,2010,86
FourFourTwo,Diego,Wolfsburg,2010,87
FourFourTwo,Lassana Diarra,Real Madrid,2010,88
FourFourTwo,Emmanuel Adebayor,Real Madrid,2010,89
FourFourTwo,Lucho Gonzalez,Olympique Marseille,2010,90
FourFourTwo,Karim Benzema,Real Madrid,2010,91
FourFourTwo,Darijo Srna,Shakhtar Donetsk,2010,92
FourFourTwo,Keisuke Honda,CSKA Moscow,2010,93
FourFourTwo,Darren Fletcher,Manchester United,2010,94
FourFourTwo,Simon Kjaer,Wolfsburg,2010,95
FourFourTwo,Joe Hart,Manchester City,2010,96
FourFourTwo,Douglas,Twente,2010,97
FourFourTwo,Klaas-Jan Huntelaar,Schalke 04,2010,98
FourFourTwo,Gregory van der Wiel,Ajax,2010,99
FourFourTwo,Milos Krasic,Juventus,2010,100
FourFourTwo,Lionel Messi,Barcelona,2009,1
FourFourTwo,Cristiano Ronaldo,Real Madrid,2009,2
FourFourTwo,Andres Iniesta,Barcelona,2009,3
FourFourTwo,Xavi,Barcelona,2009,3
FourFourTwo,David Villa,Valencia,2009,5
FourFourTwo,Fernando Torres,Liverpool,2009,6
FourFourTwo,Steven Gerrard,Liverpool,2009,7
FourFourTwo,Kaka,Real Madrid,2009,8
FourFourTwo,Samuel Eto'o,Inter Milan,2009,9
FourFourTwo,Wayne Rooney,Manchester United,2009,10
FourFourTwo,Frank Lampard,Chelsea,2009,11
FourFourTwo,Rio Ferdinand,Manchester United,2009,12
FourFourTwo,Zlatan Ibrahimovic,Barcelona,2009,13
FourFourTwo,Didier Drogba,Chelsea,2009,14
FourFourTwo,Andrey Arshavin,Arsenal,2009,15
FourFourTwo,Iker Casillas,Real Madrid,2009,16
FourFourTwo,Maicon,Inter Milan,2009,17
FourFourTwo,Michael Essien,Chelsea,2009,18
FourFourTwo,Franck Ribery,Bayern Munich,2009,19
FourFourTwo,Cesc Fabregas,Arsenal,2009,20
FourFourTwo,Diego Forlan,Atletico Madrid,2009,21
FourFourTwo,Nemanja Vidic,Manchester United,2009,22
FourFourTwo,Julio Cesar,Inter Milan,2009,23
FourFourTwo,Diego,Juventus,2009,24
FourFourTwo,Daniel Alves,Barcelona,2009,25
FourFourTwo,Thierry Henry,Barcelona,2009,26
FourFourTwo,Javier Mascherano,Liverpool,2009,27
FourFourTwo,Ashley Cole,Chelsea,2009,28
FourFourTwo,Karim Benzema,Real Madrid,2009,29
FourFourTwo,Daniele De Rossi,Roma,2009,30
FourFourTwo,Sergio Aguero,Atletico Madrid,2009,31
FourFourTwo,Alexandre Pato,AC Milan,2009,32
FourFourTwo,Patrice Evra,Manchester United,2009,33
FourFourTwo,John Terry,Chelsea,2009,34
FourFourTwo,Gianluigi Buffon,Juventus,2009,35
FourFourTwo,Xabi Alonso,Real Madrid,2009,36
FourFourTwo,Yoann Gourcuff,Bordeaux,2009,37
FourFourTwo,Emmanuel Adebayor,Manchester City,2009,38
FourFourTwo,Yaya Toure,Barcelona,2009,39
FourFourTwo,Arjen Robben,Bayern Munich,2009,40
FourFourTwo,Lassana Diarra,Real Madrid,2009,41
FourFourTwo,Nicolas Anelka,Chelsea,2009,42
FourFourTwo,Freddie Kanoute,Sevilla,2009,43
FourFourTwo,Dimitar Berbatov,Manchester United,2009,44
FourFourTwo,David Silva,Valencia,2009,45
FourFourTwo,Sergio Ramos,Real Madrid,2009,46
FourFourTwo,Ricardo Carvalho,Chelsea,2009,47
FourFourTwo,Wesley Sneijder,Inter Milan,2009,48
FourFourTwo,Michael Ballack,Chelsea,2009,49
FourFourTwo,Gonzalo Higuain,Real Madrid,2009,50
FourFourTwo,Gerard Pique,Barcelona,2009,51
FourFourTwo,Marcos Senna,Villareal,2009,52
FourFourTwo,Andrea Pirlo,AC Milan,2009,53
FourFourTwo,Francesco Totti,Roma,2009,54
FourFourTwo,Esteban Cambiasso,Inter Milan,2009,55
FourFourTwo,Anatoliy Tymoshchuk,Bayern Munich,2009,56
FourFourTwo,Robinho,Manchester City,2009,57
FourFourTwo,Pepe Reina,Liverpool,2009,58
FourFourTwo,Philipp Lahm,Bayern Munich,2009,59
FourFourTwo,Giorgio Chiellini,Juventus,2009,60
FourFourTwo,Luka Modric,Tottenham,2009,61
FourFourTwo,Felipe Melo,Juventus,2009,62
FourFourTwo,Luis Fabiano,Sevilla,2009,63
FourFourTwo,Thiago Motta,Inter Milan,2009,64
FourFourTwo,Robin van Persie,Arsenal,2009,65
FourFourTwo,Darijo Srna,Shakhtar Donetsk,2009,66
FourFourTwo,Antonio Cassano,Sampdoria,2009,67
FourFourTwo,Carlos Tevez,Manchester City,2009,68
FourFourTwo,Grafite,Wolfsburg,2009,69
FourFourTwo,Diego Milito,Inter Milan,2009,70
FourFourTwo,Gael Clichy,Arsenal,2009,71
FourFourTwo,Yuri Zhirkov,Chelsea,2009,72
FourFourTwo,Pepe,Real Madrid,2009,73
FourFourTwo,Edin Dzeko,Wolfsburg,2009,74
FourFourTwo,Klaas-Jan Huntelaar,AC Milan,2009,75
FourFourTwo,Petr Cech,Chelsea,2009,76
FourFourTwo,Alberto Gilardino,Fiorentina,2009,77
FourFourTwo,Andre-Pierre Gignac,Toulouse,2009,78
FourFourTwo,Jose Bosingwa,Chelsea,2009,79
FourFourTwo,Adrian Mutu,Fiorentina,2009,80
FourFourTwo,Marouane Chamakh,Bordeaux,2009,81
FourFourTwo,Alessandro Del Piero,Juventus,2009,82
FourFourTwo,Ronaldinho,AC Milan,2009,83
FourFourTwo,William Gallas,Arsenal,2009,84
FourFourTwo,Edwin Van Der Sar,Manchester United,2009,85
FourFourTwo,Raul,Real Madrid,2009,86
FourFourTwo,Jesus Navas,Sevilla,2009,87
FourFourTwo,Santi Cazorla,Villareal,2009,88
FourFourTwo,Zvjezdan Misimovic,Wolfsburg,2009,89
FourFourTwo,Eduardo da Silva,Arsenal,2009,90
FourFourTwo,Lucho Gonzalez,Marseille,2009,91
FourFourTwo,Ruud van Nistelrooy,Real Madrid,2009,92
FourFourTwo,Wilson Palacios,Tottenham,2009,93
FourFourTwo,Dmytro Chygrynskiy,Barcelona,2009,94
FourFourTwo,Ryan Giggs,Manchester United,2009,95
FourFourTwo,Igor Akinfeev,CSKA Moscow,2009,96
FourFourTwo,Mario Gomez,Bayern Munich,2009,97
FourFourTwo,Javier Zanetti,Inter Milan,2009,98
FourFourTwo,Davide Santon,Inter Milan,2009,99
FourFourTwo,Ronaldo,Corinthians,2009,100
FourFourTwo,Cristiano Ronaldo,Manchester United,2008,1
FourFourTwo,Lionel Messi,Barcelona,2008,2
FourFourTwo,Fernando Torres,Liverpool,2008,3
FourFourTwo,Iker Casillas,Real Madrid,2008,4
FourFourTwo,Kaka,AC Milan,2008,5
FourFourTwo,David Villa,Valencia,2008,6
FourFourTwo,Zlatan Ibrahimovic,Inter Milan,2008,7
FourFourTwo,Sergio Aguero,Atletico Madrid,2008,8
FourFourTwo,Rio Ferdinand,Manchester United,2008,9
FourFourTwo,Steven Gerrard,Liverpool,2008,10
FourFourTwo,Xavi,Barcelona,2008,11
FourFourTwo,Cesc Fabregas,Arsenal,2008,12
FourFourTwo,Frank Lampard,Chelsea,2008,13
FourFourTwo,Ruud van Nistelrooy,Real Madrid,2008,14
FourFourTwo,Emmanuel Adebayor,Arsenal,2008,15
FourFourTwo,Didier Drogba,Chelsea,2008,16
FourFourTwo,Franck Ribery,Bayern Munich,2008,17
FourFourTwo,Michael Ballack,Chelsea,2008,18
FourFourTwo,Guianlugi Buffon,Juventus,2008,19
FourFourTwo,Sergio Ramos,Real Madrid,2008,20
FourFourTwo,Wesley Sneijder,Real Madrid,2008,21
FourFourTwo,Michael Essien,Chelsea,2008,22
FourFourTwo,Daniel Alves,Barcelona,2008,23
FourFourTwo,Wayne Rooney,Manchester United,2008,24
FourFourTwo,Ricardo Carvalho,Chelsea,2008,25
FourFourTwo,Maicon,Inter Milan,2008,26
FourFourTwo,Andres Iniesta,Barcelona,2008,27
FourFourTwo,Andrei Arshavin,Zenit St Petersburg,2008,28
FourFourTwo,Deco,Chelsea,2008,29
FourFourTwo,Marcos Senna,Villareal,2008,30
FourFourTwo,Luis Fabiano,Sevilla,2008,31
FourFourTwo,John Terry,Chelsea,2008,32
FourFourTwo,Daniele De Rossi,Roma,2008,33
FourFourTwo,Nemanja Vidic,Manchester United ,2008,34
FourFourTwo,Javier Mascherano,Liverpool,2008,35
FourFourTwo,Samuel Eto'o,Barcelona,2008,36
FourFourTwo,Dimitar Berbatov,Manchester United,2008,37
FourFourTwo,David Silva,Valencia,2008,38
FourFourTwo,Nihat Kahveci,Villareal,2008,39
FourFourTwo,Patrice Evra,Manchester United,2008,40
FourFourTwo,Anatoily Tymoshchuk,Zenit St Petersburg,2008,41
FourFourTwo,Robinho,Manchester City,2008,42
FourFourTwo,Esteban Cambiasso,Inter Milan,2008,43
FourFourTwo,Ashley Cole,Chelsea,2008,44
FourFourTwo,Alessandro Del Piero,Juventus,2008,45
FourFourTwo,Seydou Keita,Barcelona,2008,46
FourFourTwo,Jose Bosingwa,Chelsea,2008,47
FourFourTwo,Carlos Tevez,Manchester United,2008,48
FourFourTwo,Joe Cole,Chelsea,2008,49
FourFourTwo,Yuri Zhirkov,CSKA Moscow,2008,50
FourFourTwo,Arjen Robben,Real Madrid,2008,51
FourFourTwo,Artur Boruc,Celtic,2008,52
FourFourTwo,Petr Cech,Chelsea,2008,53
FourFourTwo,Francesco Totti,Roma,2008,54
FourFourTwo,Luca Toni,Bayern Munich,2008,55
FourFourTwo,Raul,Real Madrid,2008,56
FourFourTwo,Thierry Henry,Barcelona,2008,57
FourFourTwo,Christian Chivu,Inter Milan,2008,58
FourFourTwo,Alessandro Nesta,AC Milan,2008,59
FourFourTwo,Rafael van der Vaart,Real Madrid,2008,60
FourFourTwo,Pepe,Real Madrid,2008,61
FourFourTwo,Luca Modric,Tottenham,2008,62
FourFourTwo,Karim Benzema,Lyon,2008,63
FourFourTwo,Roque Santa Cruz,Blackburn Rovers,2008,64
FourFourTwo,Mahamadou Diarra,Real Madrid,2008,65
FourFourTwo,Philipp Lahm,Bayern Munich,2008,66
FourFourTwo,Andrea Pirlo,AC Milan,2008,67
FourFourTwo,Diego Forlan,Atletico Madrid,2008,68
FourFourTwo,Santi Cazorla,Villareal,2008,69
FourFourTwo,Ronaldinho,AC Milan,2008,70
FourFourTwo,Darijo Srna,Shakhtar Donetsk,2008,71
FourFourTwo,Fabio Cannavaro,Real Madrid,2008,72
FourFourTwo,Juninho Pernambucano,Lyon,2008,73
FourFourTwo,Mauro Camoranesi,Juventus,2008,74
FourFourTwo,David Trezeguet,Juventus,2008,75
FourFourTwo,Miroslav Klose,Bayern Munich,2008,76
FourFourTwo,Gael Clichy,Arsenal,2008,77
FourFourTwo,Fredi Kanoute,Sevilla,2008,78
FourFourTwo,Antonio Di Natale,Udinese,2008,79
FourFourTwo,Javier Zanetti,Inter Milan,2008,80
FourFourTwo,Robert Pires,Villareal,2008,81
FourFourTwo,Christian Poulsen,Juventus,2008,82
FourFourTwo,Diego,Werder Bremen,2008,83
FourFourTwo,Mancini,Inter Milan,2008,84
FourFourTwo,Giorgo Chiellini,Juventus,2008,85
FourFourTwo,Gonzalo Higuain,Real Madrid,2008,86
FourFourTwo,Gianluca Zambrotta,AC Milan,2008,87
FourFourTwo,Bacary Sagna,Arsenal,2008,88
FourFourTwo,Danny,Zenit St Petersburg,2008,89
FourFourTwo,John Obi Mikel,Chelsea,2008,90
FourFourTwo,Goran Pandev,Lazio,2008,91
FourFourTwo,Igor Akinfeev,CSKA Moscow,2008,92
FourFourTwo,Simao Sabrosa,Atletico Madrid,2008,93
FourFourTwo,Amauri,Juventus,2008,94
FourFourTwo,Paul Scholes,Manchester United,2008,95
FourFourTwo,Lassana Diarra,Portsmouth,2008,96
FourFourTwo,Diego Capel,Sevilla,2008,97
FourFourTwo,Antonio Cassano,Sampdoria,2008,98
FourFourTwo,Bastian Schweinsteiger,Bayern Munich,2008,99
FourFourTwo,Klaas-Jan Huntelaar,Ajax,2008,100
FourFourTwo,Kaka,AC Milan,2007,1
FourFourTwo,Cristiano Ronaldo,Manchester United,2007,2
FourFourTwo,Ronaldinho,Barcelona,2007,3
FourFourTwo,Thierry Henry,Barcelona,2007,4
FourFourTwo,Lionel Messi,Barcelona,2007,5
FourFourTwo,Steven Gerrard,Liverpool,2007,6
FourFourTwo,Samuel Eto'o,Barcelona,2007,7
FourFourTwo,Wayne Rooney,Manchester United,2007,8
FourFourTwo,Gianluigi Buffon,Juventus,2007,9
FourFourTwo,Fabio Cannavaro,Real Madrid,2007,10
FourFourTwo,Petr Cech,Chelsea,2007,11
FourFourTwo,Daniel Alves,Sevilla,2007,12
FourFourTwo,Didier Drogba,Chelsea,2007,13
FourFourTwo,Andrea Pirlo,AC Milan,2007,14
FourFourTwo,Ruud van Nistelrooy,Real,2007,15
FourFourTwo,Roberto Ayala,Real Zaragoza,2007,16
FourFourTwo,Paul Scholes,Manchester United,2007,17
FourFourTwo,Francesco Totti,Roma,2007,18
FourFourTwo,David Villa,David Villa,2007,19
FourFourTwo,Michael Essien,Chelsea,2007,20
FourFourTwo,Zlatan Ibrahimovic,Inter Milan,2007,21
FourFourTwo,John Terry,Chelsea,2007,22
FourFourTwo,Deco,Barcelona,2007,23
FourFourTwo,Rio Ferdinand,Manchester United,2007,24
FourFourTwo,Frank Lampard,Chelsea,2007,25
FourFourTwo,Gennaro Gattuso,AC Milan,2007,26
FourFourTwo,Ashley Cole,Chelsea,2007,27
FourFourTwo,Paolo Maldini,AC Milan,2007,28
FourFourTwo,Ryan Giggs,Manchester United,2007,29
FourFourTwo,Iker Casillas,Real Madrid,2007,30
FourFourTwo,Juan Roman Riquelme,Villareal,2007,31
FourFourTwo,Xavi,Barcelona,2007,32
FourFourTwo,Cesc Fabregas,Arsenal,2007,33
FourFourTwo,Fernando Torres,Liverpool,2007,34
FourFourTwo,Ricardo Carvalho,Chelsea,2007,35
FourFourTwo,Alessandro Nesta,AC Milan,2007,36
FourFourTwo,David Albelda,Valencia,2007,37
FourFourTwo,Dimitar Berbatov,Tottenham,2007,38
FourFourTwo,David Suazo,Inter Milan,2007,39
FourFourTwo,Lucio,Bayern Munich,2007,40
FourFourTwo,Michael Ballack,Chelsea,2007,41
FourFourTwo,Daniele De Rossi,Roma,2007,42
FourFourTwo,David Beckham,Los Angeles Galaxy,2007,43
FourFourTwo,Carlos Tevez,Manchester United,2007,44
FourFourTwo,Florent Malouda,Chelsea,2007,45
FourFourTwo,Clarence Seedorf,AC Milan,2007,46
FourFourTwo,Dejan Stankovic,Inter Milan,2007,47
FourFourTwo,Andres Iniesta,Barcelona,2007,48
FourFourTwo,David Silva,Valencia,2007,49
FourFourTwo,Ronaldo,AC Milan,2007,50
FourFourTwo,Wesley Sneijder,Real Madrid,2007,51
FourFourTwo,Owen Hargreaves,Manchester United,2007,52
FourFourTwo,Hernan Crespo,Inter Milan,2007,53
FourFourTwo,Alex,Chelsea,2007,54
FourFourTwo,Luca Toni,Bayern Munich,2007,55
FourFourTwo,Sergio Ramos,Real Madrid,2007,56
FourFourTwo,Miroslav Klose,Bayern Munich,2007,57
FourFourTwo,Joe Cole,Chelsea,2007,58
FourFourTwo,Robinho,Real Madrid,2007,59
FourFourTwo,Arjen Robben,Chelsea,2007,60
FourFourTwo,Simao Sabrosa,Atletico Madrid,2007,61
FourFourTwo,Diego,Werder Bremen,2007,62
FourFourTwo,Patrick Vieira,Inter Milan,2007,63
FourFourTwo,Andriy Shevchenko,Chelsea,2007,64
FourFourTwo,Franck Ribery,Bayern Munich,2007,65
FourFourTwo,Ze Roberto,Bayern Munich,2007,66
FourFourTwo,William Gallas,Arsenal,2007,67
FourFourTwo,Michael Owen,Newcastle United,2007,68
FourFourTwo,Diego Forlan,Atletico Madrid,2007,69
FourFourTwo,Vicente,Valencia,2007,70
FourFourTwo,Kolo Toure,Arsenal,2007,71
FourFourTwo,Frederic Kanoute,Sevilla,2007,72
FourFourTwo,Pavel Nedved,Juventus,2007,73
FourFourTwo,Torsten Frings,Werder Bremen,2007,74
FourFourTwo,Gianluca Zambrotta,Barcelona,2007,75
FourFourTwo,Philipp Lahm,Bayern Munich,2007,76
FourFourTwo,Maxi Rodriguez,Atletico Madrid,2007,77
FourFourTwo,Nemanja Vidic,Manchester United,2007,78
FourFourTwo,Carlos Puyol,Barcelona,2007,79
FourFourTwo,Ricardo Quaresma,Porto,2007,80
FourFourTwo,Samir Nasri,Marseille,2007,81
FourFourTwo,Robin van Persie,Arsenal,2007,82
FourFourTwo,Rafael van der Vaart,Hamburg,2007,83
FourFourTwo,Juninho Pernambucano,Lyon,2007,84
FourFourTwo,Gary Neville,Manchester United,2007,85
FourFourTwo,Gabriel Milito,Barcelona,2007,86
FourFourTwo,Diego Milito,Real Zaragoza,2007,87
FourFourTwo,Fabio Quagliarella,Udinese,2007,88
FourFourTwo,Eduardo da Silva,Arsenal,2007,89
FourFourTwo,Javier Zanetti,Inter Milan,2007,90
FourFourTwo,Filippo Inzaghi,AC Milan,2007,91
FourFourTwo,Kim Kallstrom,Lyon,2007,92
FourFourTwo,Adrian Mutu,Fiorentina,2007,93
FourFourTwo,Javier Mascherano,Liverpool,2007,94
FourFourTwo,Nery Castillo,Shakhtar Donetsk,2007,95
FourFourTwo,Sergio Aguero,Atletico Madrid,2007,96
FourFourTwo,Jamie Carragher,Liverpool,2007,97
FourFourTwo,Maicon,Inter Milan,2007,98
FourFourTwo,Alexandre Pato,AC Milan,2007,99
FourFourTwo,Shunsuke Nakamura,Celtic,2007,100
Guardian,Robert Lewandowski,Bayern Munich,2020,1
Guardian,Lionel Messi,Barcelona,2020,2
Guardian,Cristiano Ronaldo,Juventus,2020,3
Guardian,Kevin De Bruyne,Manchester City,2020,4
Guardian,Sadio Mane,Liverpool,2020,5
Guardian,Erling Braut Haland,Borussia Dortmund,2020,6
Guardian,Kylian Mbappe,Paris Saint-Germain,2020,7
Guardian,Mohamed Salah,Liverpool,2020,8
Guardian,Neymar,Paris Saint-Germain,2020,9
Guardian,Virgil van Dijk,Liverpool,2020,10
Guardian,Joshua Kimmich,Bayern Munich,2020,11
Guardian,Karim Benzema,Real Madrid,2020,12
Guardian,Sergio Ramos,Real Madrid,2020,13
Guardian,Thomas Muller,Bayern Munich,2020,14
Guardian,Manuel Neuer,Bayern Munich,2020,15
Guardian,Serge Gnabry,Bayern Munich,2020,16
Guardian,Thiago Alcantara,Liverpool,2020,17
Guardian,Trent Alexander-Arnold,Liverpool,2020,18
Guardian,Romelu Lukaku,Inter,2020,19
Guardian,Harry Kane,Tottenham Hotspur,2020,20
Guardian,Bruno Fernandes,Manchester United,2020,21
Guardian,Son Heung-min,Tottenham Hotspur,2020,22
Guardian,Alphonso Davies,Bayern Munich,2020,23
Guardian,Ciro Immobile,Lazio,2020,24
Guardian,Zlatan Ibrahimovic,Milan,2020,25
Guardian,Alisson,Liverpool,2020,26
Guardian,Raheem Sterling,Manchester City,2020,27
Guardian,Jan Oblak,Atletico Madrid,2020,28
Guardian,Jadon Sancho,Borussia Dortmund,2020,29
Guardian,Timo Werner,Chelsea,2020,30
Guardian,David Alaba,Bayern Munich,2020,31
Guardian,Alejandro Gomez,Atalanta,2020,32
Guardian,Jordan Henderson,Liverpool,2020,33
Guardian,Andrew Robertson,Liverpool,2020,34
Guardian,Jamie Vardy,Leicester City,2020,35
Guardian,Pierre-Emerick Aubameyang,Arsenal,2020,36
Guardian,Joao Felix,Atletico Madrid,2020,37
Guardian,Angel Di Maria,Paris Saint-Germain,2020,38
Guardian,Paulo Dybala,Juventus,2020,39
Guardian,Leon Goretzka,Bayern Munich,2020,40
Guardian,Marcus Rashford,Manchester United,2020,41
Guardian,Toni Kroos,Real Madrid,2020,42
Guardian,Roberto Firmino,Liverpool,2020,43
Guardian,Lautaro Martinez,Inter,2020,44
Guardian,Ansu Fati,Barcelona,2020,45
Guardian,Thibaut Courtois,Real Madrid,2020,46
Guardian,Kingsley Coman,Bayern Munich,2020,47
Guardian,Marc-Andre ter Stegen,Barcelona,2020,48
Guardian,Marquinhos,Paris Saint-Germain,2020,49
Guardian,Kai Havertz,Chelsea,2020,50
Guardian,Fabinho,Liverpool,2020,51
Guardian,Dayot Upamecano,RB Leipzig,2020,52
Guardian,Lucas Ocampos,Sevilla,2020,53
Guardian,Thiago Silva,Chelsea,2020,54
Guardian,N'Golo Kante,Chelsea,2020,55
Guardian,Casemiro,Real Madrid,2020,56
Guardian,Duvan Zapata,Atalanta,2020,57
Guardian,Luis Suarez,Atletico Madrid,2020,58
Guardian,Jack Grealish,Aston Villa,2020,59
Guardian,Hakim Ziyech,Chelsea,2020,60
Guardian,Josip Ilicic,Atalanta,2020,61
Guardian,Kalidou Koulibaly,Napoli,2020,62
Guardian,Diogo Jota,Liverpool,2020,63
Guardian,Memphis Depay,Lyon,2020,64
Guardian,Sergio Aguero,Manchester City,2020,65
Guardian,Federico Valverde,Real Madrid,2020,66
Guardian,Keylor Navas,Paris Saint-Germain,2020,67
Guardian,Marcel Sabitzer,RB Leipzig,2020,68
Guardian,Matthijs de Ligt,Juventus,2020,69
Guardian,Bernardo Silva,Manchester City,2020,70
Guardian,Luka Modric,Real Madrid,2020,71
Guardian,Houssem Aouar,Lyon,2020,72
Guardian,Georginio Wijnaldum,Liverpool,2020,73
Guardian,Martin Odegaard,Real Madrid,2020,74
Guardian,Leroy Sane,Bayern Munich,2020,75
Guardian,Achraf Hakimi,Inter,2020,76
Guardian,Riyad Mahrez,Manchester City,2020,77
Guardian,Raul Jimenez,Wolverhampton,2020,78
Guardian,Frenkie de Jong,Barcelona,2020,79
Guardian,Dominic Calvert-Lewin,Everton,2020,80
Guardian,Philippe Coutinho,Barcelona,2020,81
Guardian,Richarlison,Everton,2020,82
Guardian,Eden Hazard,Real Madrid,2020,83
Guardian,Dries Mertens,Napoli,2020,84
Guardian,Thomas Partey,Arsenal,2020,85
Guardian,Jesus Navas,Sevilla,2020,86
Guardian,Eduardo Camavinga,Stade Rennais,2020,87
Guardian,Marcos Llorente,Atletico Madrid,2020,88
Guardian,Ederson,Manchester City,2020,89
Guardian,Antoine Griezmann,Barcelona,2020,90
Guardian,Robin Gosens,Atalanta,2020,91
Guardian,Nicolo Barella,Inter,2020,92
Guardian,Ever Banega,Al Shabab,2020,93
Guardian,Ferran Torres,Manchester City,2020,94
Guardian,Alvaro Morata,Juventus,2020,95
Guardian,Dominik Szoboszlai,Red Bull Salzburg,2020,96
Guardian,Jerome Boateng,Bayern Munich,2020,97
Guardian,Luis Alberto,Lazio,2020,98
Guardian,Presnel Kimpembe,Paris Saint-Germain,2020,99
Guardian,Wissam Ben Yedder,Monaco,2020,100
Guardian,Lionel Messi,Barcelona,2019,1
Guardian,Virgil van Dijk,Liverpool,2019,2
Guardian,Sadio Mane,Liverpool,2019,3
Guardian,Cristiano Ronaldo,Juventus,2019,4
Guardian,Mohamed Salah,Liverpool,2019,5
Guardian,Kylian Mbappe,Paris St-Germain,2019,6
Guardian,Robert Lewandowski,Bayern Munich,2019,7
Guardian,Raheem Sterling,Manchester City,2019,8
Guardian,Alisson,Liverpool,2019,9
Guardian,Frenkie de Jong,Barcelona,2019,10
Guardian,Roberto Firmino,Liverpool,2019,11
Guardian,Kevin De Bruyne,Manchester City,2019,12
Guardian,Sergio Aguero,Manchester City,2019,13
Guardian,Eden Hazard,Chelsea,2019,14
Guardian,Harry Kane,Tottenham Hotspur,2019,15
Guardian,Bernardo Silva,Manchester City,2019,16
Guardian,Trent Alexander-Arnold,Liverpool,2019,17
Guardian,Matthijs de Ligt,Juventus,2019,18
Guardian,Son Heung-min,Tottenham Hotspur,2019,19
Guardian,Karim Benzema,Real Madrid,2019,20
Guardian,Marc-Andre ter Stegen,Barcelona,2019,21
Guardian,N'Golo Kante,Chelsea,2019,22
Guardian,Andrew Robertson,Liverpool,2019,23
Guardian,Jan Oblak,Atletico Madrid,2019,24
Guardian,Antoine Griezmann,Barcelona,2019,25
Guardian,Luis Suarez,Barcelona,2019,26
Guardian,Dusan Tadic,Ajax,2019,27
Guardian,Pierre-Emerick Aubameyang,Arsenal,2019,28
Guardian,Hakim Ziyech,Ajax,2019,29
Guardian,Kalidou Koulibaly,Napoli,2019,30
Guardian,Neymar,Paris St-Germain,2019,31
Guardian,Jadon Sancho,Borussia Dortmund,2019,32
Guardian,Donny van de Beek,Ajax,2019,33
Guardian,Fabinho,Liverpool,2019,34
Guardian,Joao Felix,Atletico Madrid,2019,35
Guardian,Sergio Ramos,Real Madrid,2019,36
Guardian,Joshua Kimmich,Bayern Munich,2019,37
Guardian,Serge Gnabry,Bayern Munich,2019,38
Guardian,Angel Di Maria,Paris St-Germain,2019,39
Guardian,Ederson,Manchester City,2019,40
Guardian,Christian Eriksen,Tottenham Hotspur,2019,41
Guardian,Paulo Dybala,Juventus,2019,42
Guardian,Georginio Wijnaldum,Liverpool,2019,43
Guardian,Toni Kroos,Real Madrid,2019,44
Guardian,Luka Modric,Real Madrid,2019,45
Guardian,David Silva,Manchester City,2019,46
Guardian,Lautaro Martinez,Internazionale,2019,47
Guardian,Jamie Vardy,Leicester City,2019,48
Guardian,Riyad Mahrez,Manchester City,2019,49
Guardian,Miralem Pjanic,Juventus,2019,50
Guardian,Romelu Lukaku,Internazionale,2019,51
Guardian,Gabriel Barbosa,Flamengo,2019,52
Guardian,Erling Braut Haland,Red Bull Salzburg,2019,53
Guardian,Aymeric Laporte,Manchester City,2019,54
Guardian,Paul Pogba,Manchester United,2019,55
Guardian,Edinson Cavani,Paris St-Germain,2019,56
Guardian,Dani Alves,Sao Paulo,2019,57
Guardian,Fernandinho,Manchester City,2019,58
Guardian,Timo Werner,RB Leipzig,2019,59
Guardian,Mauro Icardi,Paris St-Germain,2019,60
Guardian,Casemiro,Real Madrid,2019,61
Guardian,Jorginho,Chelsea,2019,62
Guardian,Ciro Immobile,Lazio,2019,63
Guardian,Duvan Zapata,Atalanta,2019,64
Guardian,Jordi Alba,Barcelona,2019,65
Guardian,Bruno Henrique,Flamengo,2019,66
Guardian,Lucas Moura,Tottenham Hotspur,2019,67
Guardian,Thiago Silva,Paris St-Germain,2019,68
Guardian,Bruno Fernandes,Sporting Cp,2019,69
Guardian,Giorgio Chiellini,Juventus,2019,70
Guardian,Marquinhos,Paris St-Germain,2019,71
Guardian,Marcus Rashford,Manchester United,2019,72
Guardian,Raphael Varane,Real Madrid,2019,73
Guardian,Jordan Henderson,Liverpool,2019,74
Guardian,Gabriel Jesus,Manchester City,2019,75
Guardian,Memphis Depay,Lyon,2019,76
Guardian,Arthur Melo,Barcelona,2019,77
Guardian,Dries Mertens,Napoli,2019,78
Guardian,Sergio Busquets,Barcelona,2019,79
Guardian,Marco Reus,Borussia Dortmund,2019,80
Guardian,Marco Verratti,Paris St-Germain,2019,81
Guardian,Gerard Pique,Barcelona,2019,82
Guardian,Jose Gimenez,Atletico Madrid,2019,83
Guardian,Teemu Pukki,Norwich City,2019,84
Guardian,Diego Godin,Atletico Madrid,2019,85
Guardian,Kai Havertz,Bayer Leverkusen,2019,86
Guardian,Tammy Abraham,Chelsea,2019,87
Guardian,Hugo Lloris,Tottenham Hotspur,2019,88
Guardian,Dele Alli,Tottenham Hotspur,2019,89
Guardian,Achraf Hakimi,Borussia Dortmund,2019,90
Guardian,Leroy Sane,Manchester City,2019,91
Guardian,Everton,Gremio,2019,92
Guardian,David De Gea,Manchester United,2019,93
Guardian,Fabio Quagliarella,Sampdoria,2019,94
Guardian,Idrissa Gueye,Paris St-Germain,2019,95
Guardian,Zlatan Ibrahimovic,LA Galaxy,2019,96
Guardian,Santi Cazorla,Villarreal,2019,97
Guardian,Samir Handanovic,Internazionale,2019,98
Guardian,Alexandre Lacazette,Arsenal,2019,99
Guardian,Philippe Coutinho,Barcelona,2019,100
Guardian,Luka Modric,Real Madrid,2018,1
Guardian,Cristiano Ronaldo,Juventus,2018,2
Guardian,Lionel Messi,Barcelona,2018,3
Guardian,Kylian Mbappe,Paris Saint-Germain,2018,4
Guardian,Mohamed Salah,Liverpool,2018,5
Guardian,Antoine Griezmann,Atletico Madrid,2018,6
Guardian,Eden Hazard,Chelsea,2018,7
Guardian,Kevin De Bruyne,Manchester City,2018,8
Guardian,Harry Kane,Tottenham Hotspur,2018,9
Guardian,N'Golo Kante,Chelsea,2018,10
Guardian,Neymar,Paris Saint-Germain,2018,11
Guardian,Raphael Varane,Real Madrid,2018,12
Guardian,Ivan Rakitic,Barcelona,2018,13
Guardian,Luis Suarez,Barcelona,2018,14
Guardian,Sergio Aguero,Manchester City,2018,15
Guardian,Paul Pogba,Manchester United,2018,16
Guardian,Sergio Ramos,Real Madrid,2018,17
Guardian,Marcelo,Real Madrid,2018,18
Guardian,Sadio Mane,Liverpool,2018,19
Guardian,David Silva,Manchester City,2018,20
Guardian,Edinson Cavani,Paris Saint-Germain,2018,21
Guardian,Toni Kroos,Real Madrid,2018,22
Guardian,Roberto Firmino,Liverpool,2018,23
Guardian,Virgil Van Dijk,Liverpool,2018,24
Guardian,Philippe Coutinho,Barcelona,2018,25
Guardian,Paulo Dybala,Juventus,2018,26
Guardian,Jan Oblak,Atletico Madrid,2018,27
Guardian,Isco,Real Madrid,2018,28
Guardian,Ivan Perisic,Inter Milan,2018,29
Guardian,Robert Lewandowski,Bayern Munich,2018,30
Guardian,Raheem Sterling,Manchester City,2018,31
Guardian,Mauro Icardi,Inter Milan,2018,32
Guardian,Mario Mandzukic,Juventus,2018,33
Guardian,Diego Godin,Atletico Madrid,2018,34
Guardian,Samuel Umtiti,Barcelona,2018,35
Guardian,Christian Eriksen,Tottenham Hotspur,2018,36
Guardian,Thibaut Courtois,Real Madrid,2018,37
Guardian,Gareth Bale,Real Madrid,2018,38
Guardian,David De Gea,Manchester United,2018,39
Guardian,Hugo Lloris,Tottenham Hotspur,2018,40
Guardian,Romelu Lukaku,Manchester United,2018,41
Guardian,Casemiro,Real Madrid,2018,42
Guardian,Alisson,Liverpool,2018,43
Guardian,Marc-Andre ter Stegen,Barcelona,2018,44
Guardian,Dele Alli,Tottenham Hotspur,2018,45
Guardian,Dries Mertens,Napoli,2018,46
Guardian,Marco Reus,Borussia Dortmund,2018,47
Guardian,Karim Benzema,Real Madrid,2018,48
Guardian,Giorgio Chiellini,Juventus,2018,49
Guardian,Sergio Busquets,Barcelona,2018,50
Guardian,Miralem Pjanic,Juventus,2018,51
Guardian,Jorginho,Chelsea,2018,52
Guardian,Blaise Matuidi,Juventus,2018,53
Guardian,Edin Dzeko,Roma,2018,54
Guardian,Pierre-Emerick Aubameyang,Arsenal,2018,55
Guardian,Kalidou Koulibaly,Napoli,2018,56
Guardian,Leroy Sane,Manchester City,2018,57
Guardian,Lorenzo Insigne,Napoli,2018,58
Guardian,Ederson,Manchester City,2018,59
Guardian,Gianluigi Buffon,Paris Saint-Germain,2018,60
Guardian,Saul Niguez,Atletico Madrid,2018,61
Guardian,Marco Asensio,Real Madrid,2018,62
Guardian,Fernandinho,Manchester City,2018,63
Guardian,Jordi Alba,Barcelona,2018,64
Guardian,Jordan Pickford,Everton,2018,65
Guardian,Keylor Navas,Real Madrid,2018,66
Guardian,Joshua Kimmich,Bayern Munich,2018,67
Guardian,Bernardo Silva,Manchester City,2018,68
Guardian,Lucas Hernandez,Atletico Madrid,2018,69
Guardian,James Rodriguez,Bayern Munich,2018,70
Guardian,Benjamin Pavard,Stuttgart,2018,71
Guardian,Kieran Trippier,Tottenham Hotspur,2018,72
Guardian,Ciro Immobile,Lazio,2018,73
Guardian,Thiago Silva,Paris Saint-Germain,2018,74
Guardian,Thomas Meunier,Paris Saint-Germain,2018,75
Guardian,Leonardo Bonucci,Juventus,2018,76
Guardian,Marcus Alonso,Chelsea,2018,77
Guardian,Son Heung-Min,Tottenham Hotspur,2018,78
Guardian,Harry Maguire,Leicester City,2018,79
Guardian,Kyle Walker,Manchester City,2018,80
Guardian,Gabriel Jesus,Manchester City,2018,81
Guardian,James Milner,Liverpool,2018,82
Guardian,Gerard Pique,Barcelona,2018,83
Guardian,Memphis Depay,Lyon,2018,84
Guardian,Ante Rebic,Eintracht Frankfurt,2018,85
Guardian,John Stones,Manchester City,2018,86
Guardian,Denis Cheryshev,Valencia,2018,87
Guardian,Diego Costa,Atletico Madrid,2018,88
Guardian,Matthijs de Ligt,Ajax,2018,89
Guardian,Gonzalo Higuain,AC Milan,2018,90
Guardian,Willian,Chelsea,2018,91
Guardian,Frenkie de Jong,Ajax,2018,92
Guardian,Lucas Torreira,Arsenal,2018,93
Guardian,Gonalo Martinez,River Plate,2018,94
Guardian,Nabil Fekir,Lyon,2018,95
Guardian,Axel Witsel,Borussia Dortmund,2018,96
Guardian,Olivier Giroud,Chelsea,2018,97
Guardian,Hirving Lozano,PSV Eindhoven,2018,98
Guardian,Mesut Ozil,Arsenal,2018,99
Guardian,Jose Gimenez,Atletico Madrid,2018,100
Guardian,Lionel Messi,Barcelona,2017,1
Guardian,Cristiano Ronaldo,Real Madrid,2017,2
Guardian,Neymar,Paris St-Germain,2017,3
Guardian,Kevin De Bruyne,Manchester City,2017,4
Guardian,Harry Kane,Tottenham Hotspur,2017,5
Guardian,Luka Modric,Real Madrid,2017,6
Guardian,Robert Lewandowski,Bayern Munich,2017,7
Guardian,Kylian Mbappe,Paris St-Germain,2017,8
Guardian,Toni Kroos,Real Madrid,2017,9
Guardian,Eden Hazard,Chelsea,2017,10
Guardian,Sergio Ramos,Real Madrid,2017,11
Guardian,Isco,Real Madrid,2017,12
Guardian,Edinson Cavani,Paris St-Germain,2017,13
Guardian,Paulo Dybala,Juventus,2017,14
Guardian,Luis Suarez,Barcelona,2017,15
Guardian,Gianluigi Buffon,Juventus,2017,16
Guardian,N'Golo Kante,Chelsea,2017,17
Guardian,Antoine Griezmann,Atletico Madrid,2017,18
Guardian,Marcelo,Real Madrid,2017,19
Guardian,Sergio Aguero,Manchester City,2017,20
Guardian,Pierre-Emerick Aubameyang,Borussia Dortmund,2017,21
Guardian,Mohamed Salah,Liverpool,2017,22
Guardian,David de Gea,Manchester United,2017,23
Guardian,Philippe Coutinho,Liverpool,2017,24
Guardian,Christian Eriksen,Tottenham Hotspur,2017,25
Guardian,Dani Alves,Paris St-Germain,2017,26
Guardian,Dries Mertens,Napoli,2017,27
Guardian,Casemiro,Real Madrid,2017,28
Guardian,Andres Iniesta,Barcelona,2017,29
Guardian,Paul Pogba,Manchester United,2017,30
Guardian,Dele Alli,Tottenham Hotspur,2017,31
Guardian,Alexis Sanchez,Arsenal,2017,32
Guardian,Mauro Icardi,Internazionale,2017,33
Guardian,Gonzalo Higuain,Juventus,2017,34
Guardian,Jan Oblak,Atletico Madrid,2017,35
Guardian,Sadio Mane,Liverpool,2017,36
Guardian,Romelu Lukaku,Manchester United,2017,37
Guardian,David Silva,Manchester City,2017,38
Guardian,Gabriel Jesus,Manchester City,2017,39
Guardian,Manuel Neuer,Bayern Munich,2017,40
Guardian,Radamel Falcao,Monaco,2017,41
Guardian,Marco Asensio,Real Madrid,2017,42
Guardian,Edin Dzeko,Roma,2017,43
Guardian,Lorenzo Insigne,Napoli,2017,44
Guardian,Leonardo Bonucci,Milan,2017,45
Guardian,Sergio Busquets,Barcelona,2017,46
Guardian,Alvaro Morata,Chelsea,2017,47
Guardian,Marco Verratti,Paris St-Germain,2017,48
Guardian,Thiago Alcantara,Bayern Munich,2017,49
Guardian,Gareth Bale,Real Madrid,2017,50
Guardian,Karim Benzema,Real Madrid,2017,51
Guardian,Cesar Azpilicueta,Chelsea,2017,52
Guardian,Naby Keita,RB Leipzig,2017,53
Guardian,Timo Werner,RB Leipzig,2017,54
Guardian,Marc-Andre ter Stegen,Barcelona,2017,55
Guardian,Giorgio Chiellini,Juventus,2017,56
Guardian,Ivan Rakitic,Barcelona,2017,57
Guardian,Gerard Pique,Barcelona,2017,58
Guardian,Ousmane Dembele,Barcelona,2017,59
Guardian,Zlatan Ibrahimovic,Manchester United,2017,60
Guardian,Leroy Sane,Manchester City,2017,61
Guardian,Raheem Sterling,Manchester City,2017,62
Guardian,Diego Godin,Atletico Madrid,2017,63
Guardian,Joshua Kimmich,Bayern Munich,2017,64
Guardian,Thibaut Courtois,Chelsea,2017,65
Guardian,Arturo Vidal,Bayern Munich,2017,66
Guardian,Mesut Ozil,Arsenal,2017,67
Guardian,Diego Costa,Atletico Madrid,2017,68
Guardian,Emil Forsberg,RB Leipzig,2017,69
Guardian,Mats Hummels,Bayern Munich,2017,70
Guardian,Ciro Immobile,Lazio,2017,71
Guardian,Radja Nainggolan,Roma,2017,72
Guardian,Samuel Umtiti,Barcelona,2017,73
Guardian,Nemanja Matic,Manchester United,2017,74
Guardian,Marcus Rashford,Manchester United,2017,75
Guardian,Thiago Silva,PSG,2017,76
Guardian,Christian Pulisic,Borussia Dortmund,2017,77
Guardian,Keylor Navas,Real Madrid,2017,78
Guardian,Arjen Robben,Bayern Munich,2017,79
Guardian,Saul Niguez,Atletico Madrid,2017,80
Guardian,Hugo Lloris,Tottenham Hotspur,2017,81
Guardian,Toby Alderweireld,Tottenham Hotspur,2017,82
Guardian,David Luiz,Chelsea,2017,83
Guardian,Bernardo Silva,Manchester City,2017,84
Guardian,Miralem Pjanic,Juventus,2017,85
Guardian,Dani Carvajal,Real Madrid,2017,86
Guardian,Thomas Lemar,Monaco,2017,87
Guardian,Koke,Atletico Madrid,2017,88
Guardian,Jordi Alba,Barcelona,2017,89
Guardian,Alex Sandro,Juventus,2017,90
Guardian,Fabinho,Monaco,2017,91
Guardian,Henrikh Mkhitaryan,Manchester United,2017,92
Guardian,Cesc Fabregas,Chelsea,2017,93
Guardian,David Alaba,Bayern Munich,2017,94
Guardian,Raphael Varane,Real Madrid,2017,95
Guardian,Jamie Vardy,Leicester City,2017,96
Guardian,Benjamin Mendy,Manchester City,2017,97
Guardian,Mario Mandzukic,Juventus ,2017,98
Guardian,Adrien Rabiot,Paris St-Germain,2017,99
Guardian,Angel Di Maria,Paris St-Germain,2017,100
Guardian,Cristiano Ronaldo,Real Madrid,2016,1
Guardian,Lionel Messi,Barcelona,2016,2
Guardian,Luis Suarez,Barcelona,2016,3
Guardian,Antoine Griezmann,Atletico Madrid,2016,4
Guardian,Neymar,Barcelona,2016,5
Guardian,Gareth Bale,Real Madrid,2016,6
Guardian,Robert Lewandowski,Bayern Munich,2016,7
Guardian,Pierre-Emerick Aubameyang,Borussia Dortmund,2016,8
Guardian,Alexis Sanchez,Arsenal,2016,9
Guardian,Riyad Mahrez,Leicester City,2016,10
Guardian,Sergio Aguero,Manchester City,2016,11
Guardian,Luka Modric,Real Madrid,2016,12
Guardian,Kevin De Bruyne,Manchester City,2016,13
Guardian,Gonzalo Higuain,Juventus,2016,14
Guardian,Andres Iniesta,Barcelona,2016,15
Guardian,N'Golo Kante,Chelsea,2016,16
Guardian,Paul Pogba,Manchester United,2016,17
Guardian,Manuel Neuer,Bayern Munich,2016,18
Guardian,Jamie Vardy,Leicester City,2016,19
Guardian,Zlatan Ibrahimovic,Manchester United,2016,20
Guardian,Toni Kroos,Real Madrid,2016,21
Guardian,Gianluigi Buffon,Juventus,2016,22
Guardian,Mesut Ozil,Arsenal,2016,23
Guardian,Diego Godin,Atletico Madrid,2016,24
Guardian,Sergio Ramos,Real Madrid,2016,25
Guardian,Leonardo Bonucci,Juventus,2016,26
Guardian,Dimitri Payet,West Ham United,2016,27
Guardian,Philippe Coutinho,Liverpool,2016,28
Guardian,David de Gea,Manchester United,2016,29
Guardian,Pepe,Real Madrid,2016,30
Guardian,Thomas Muller,Bayern Munich,2016,31
Guardian,Arturo Vidal,Bayern Munich,2016,32
Guardian,Harry Kane,Tottenham Hotspur,2016,33
Guardian,Ivan Rakitic,Barcelona,2016,34
Guardian,Eden Hazard,Chelsea,2016,35
Guardian,Jerome Boateng,Bayern Munich,2016,36
Guardian,Paulo Dybala,Juventus,2016,37
Guardian,Gerard Pique,Barcelona,2016,38
Guardian,Sergio Busquets,Barcelona,2016,39
Guardian,Hugo Lloris,Tottenham Hotspur,2016,40
Guardian,Koke,Atletico Madrid,2016,41
Guardian,Jan Oblak,Atletico Madrid,2016,42
Guardian,Angel Di Maria,Paris St-Germain,2016,43
Guardian,David Silva,Manchester City,2016,44
Guardian,Marco Verratti,Paris St-Germain,2016,45
Guardian,Diego Costa,Chelsea,2016,46
Guardian,Edinson Cavani,Paris St-Germain,2016,47
Guardian,Marcelo,Real Madrid,2016,48
Guardian,Mauro Icardi,Internazionale,2016,49
Guardian,Karim Benzema,Real Madrid,2016,50
Guardian,Mats Hummels,Bayern Munich,2016,51
Guardian,Thiago Silva,Paris St-Germain,2016,52
Guardian,Casemiro,Real Madrid,2016,53
Guardian,Renato Sanches,Bayern Munich,2016,54
Guardian,Keylor Navas,Real Madrid,2016,55
Guardian,Philipp Lahm,Bayern Munich,2016,56
Guardian,Henrikh Mkhitaryan,Manchester United,2016,57
Guardian,Toby Alderweireld,Tottenham Hotspur,2016,58
Guardian,Kevin Gameiro,Atletico Madrid,2016,59
Guardian,Joshua Kimmich,Bayern Munich,2016,60
Guardian,David Alaba,Bayern Munich,2016,61
Guardian,Javier Mascherano,Barcelona,2016,62
Guardian,Douglas Costa,Bayern Munich,2016,63
Guardian,Gabriel Jesus,Palmeiras,2016,64
Guardian,Mohamed Salah,Roma,2016,65
Guardian,Giorgio Chiellini,Juventus,2016,66
Guardian,Aritz Aduriz,Athletic Bilbao,2016,67
Guardian,Laurent Koscielny,Arsenal,2016,68
Guardian,Sadio Mane,Liverpool,2016,69
Guardian,Miralem Pjanic,Juventus,2016,70
Guardian,Alvaro Morata,Real Madrid,2016,71
Guardian,Kasper Schmeichel,Leicester City,2016,72
Guardian,Aaron Ramsey,Arsenal,2016,73
Guardian,Raphael Guerreiro,Borussia Dortmund,2016,74
Guardian,Rui Patricio,Sporting Lisbon,2016,75
Guardian,Roberto Firmino,Liverpool,2016,76
Guardian,Yannick Carrasco,Atletico Madrid,2016,77
Guardian,Dani Alves,Juventus,2016,78
Guardian,Nani,Valencia,2016,79
Guardian,Gianluigi Donnarumma,Milan,2016,80
Guardian,Claudio Bravo,Manchester City,2016,81
Guardian,Marek Hamsik,Napoli,2016,82
Guardian,Miguel Borja,Atletico Nacional,2016,83
Guardian,Blaise Matuidi,Paris St-Germain,2016,84
Guardian,Ilkay Gundogan,Manchester City,2016,85
Guardian,Juan Mata,Manchester United,2016,86
Guardian,James Rodriguez,Real Madrid,2016,87
Guardian,Raheem Sterling,Manchester City,2016,88
Guardian,Arjen Robben,Bayern Munich,2016,89
Guardian,Dele Alli,Tottenham Hotspur,2016,90
Guardian,Adrien Silva,Sporting Lisbon,2016,91
Guardian,Thibaut Courtois,Chelsea,2016,92
Guardian,Fernandinho,Manchester City,2016,93
Guardian,Alexandre Lacazette,Lyon,2016,94
Guardian,Ever Banega,Internazionale,2016,95
Guardian,Francesco Totti,Roma,2016,96
Guardian,Santi Cazorla,Arsenal,2016,97
Guardian,Thiago Alcantara,Bayern Munich,2016,98
Guardian,Julian Weigl,Borussia Dortmund,2016,99
Guardian,Ousmane Dembele,Borussia Dortmund,2016,100
Guardian,Lionel Messi,Barcelona,2015,1
Guardian,Cristiano Ronaldo,Real Madrid,2015,2
Guardian,Neymar,Barcelona,2015,3
Guardian,Luis Suarez,Barcelona,2015,4
Guardian,Robert Lewandowski,Bayern Munich,2015,5
Guardian,Thomas Muller,Bayern Munich,2015,6
Guardian,Zlatan Ibrahimovic,Paris St-Germain,2015,7
Guardian,Manuel Neuer,Bayern Munich,2015,8
Guardian,Sergio Aguero,Manchester City,2015,9
Guardian,Alexis Sanchez,Arsenal,2015,10
Guardian,Paul Pogba,Juventus,2015,11
Guardian,Andres Iniesta,Barcelona,2015,12
Guardian,Eden Hazard,Chelsea,2015,13
Guardian,Kevin De Bruyne,Manchester City,2015,14
Guardian,Arturo Vidal,Bayern Munich,2015,15
Guardian,Gareth Bale,Real Madrid,2015,16
Guardian,Carlos Tevez,Boca Juniors,2015,17
Guardian,David de Gea,Manchester United,2015,18
Guardian,James Rodriguez,Real Madrid,2015,19
Guardian,Ivan Rakitic,Barcelona,2015,20
Guardian,Philipp Lahm,Bayern Munich,2015,21
Guardian,Arjen Robben,Bayern Munich,2015,22
Guardian,David Alaba,Bayern Munich,2015,23
Guardian,Sergio Busquets,Barcelona,2015,24
Guardian,Javier Mascherano,Barcelona,2015,25
Guardian,Mesut Ozil,Arsenal,2015,26
Guardian,Pierre-Emerick Aubameyang,Borussia Dortmund,2015,27
Guardian,Antoine Griezmann,Atletico Madrid,2015,28
Guardian,Yaya Toure,Manchester City,2015,29
Guardian,David Silva,Manchester City,2015,30
Guardian,Luka Modric,Real Madrid,2015,31
Guardian,Douglas Costa,Bayern Munich,2015,32
Guardian,Karim Benzema,Real Madrid,2015,33
Guardian,Gianluigi Buffon,Juventus,2015,34
Guardian,Toni Kroos,Real Madrid,2015,35
Guardian,Thibaut Courtois,Chelsea,2015,36
Guardian,Sergio Ramos,Real Madrid,2015,37
Guardian,Harry Kane,Tottenham Hotspur,2015,38
Guardian,Angel Di Maria,Paris St-Germain,2015,39
Guardian,Diego Godin,Atletico Madrid,2015,40
Guardian,Thiago Silva,Paris St-Germain,2015,41
Guardian,Andrea Pirlo,New York City FC,2015,42
Guardian,Marco Verratti,Paris St-Germain,2015,43
Guardian,Gerard Pique,Barcelona,2015,44
Guardian,Jerome Boateng,Bayern Munich,2015,45
Guardian,Philippe Coutinho,Liverpool,2015,46
Guardian,Alvaro Morata,Juventus,2015,47
Guardian,Gonzalo Higuain,Napoli,2015,48
Guardian,Xabi Alonso,Bayern Munich,2015,49
Guardian,Marco Reus,Borussia Dortmund,2015,50
Guardian,Diego Costa,Chelsea,2015,51
Guardian,Willian,Chelsea,2015,52
Guardian,Blaise Matuidi,Paris St-Germain,2015,53
Guardian,Edinson Cavani,Paris St-Germain,2015,54
Guardian,Miralem Pjanic,Roma,2015,55
Guardian,Raphael Varane,Real Madrid,2015,56
Guardian,Vincent Kompany,Manchester City,2015,57
Guardian,Dani Alves,Barcelona,2015,58
Guardian,Hulk,Zenit St Petersburg,2015,59
Guardian,Wayne Rooney,Manchester United,2015,60
Guardian,Alexandre Lacazette,Lyon,2015,61
Guardian,Raheem Sterling,Manchester City,2015,62
Guardian,Cesc Fabregas,Chelsea,2015,63
Guardian,Yacine Brahimi,Porto,2015,64
Guardian,Carlos Bacca,Milan,2015,65
Guardian,Anthony Martial,Manchester United,2015,66
Guardian,Keylor Navas,Real Madrid,2015,67
Guardian,Jamie Vardy,Leicester City,2015,68
Guardian,Mohamed Salah,Roma,2015,69
Guardian,Koke,Atletico Madrid,2015,70
Guardian,Giorgio Chiellini,Juventus,2015,71
Guardian,Jordi Alba,Barcelona,2015,72
Guardian,Yevhen Konoplyanka,Sevilla,2015,73
Guardian,Bastian Schweinsteiger,Manchester United,2015,74
Guardian,Mats Hummels,Borussia Dortmund,2015,75
Guardian,Franck Ribery,Bayern Munich,2015,76
Guardian,Henrikh Mkhitaryan,Borussia Dortmund,2015,77
Guardian,Arda Turan,Barcelona,2015,78
Guardian,Petr Cech,Arsenal,2015,79
Guardian,Mario Gotze,Bayern Munich,2015,80
Guardian,Thiago Alcantara,Bayern Munich,2015,81
Guardian,Mauro Icardi,Internazionale,2015,82
Guardian,Nolito,Celta Vigo,2015,83
Guardian,Claudio Bravo,Barcelona,2015,84
Guardian,Javier Pastore,Paris St-Germain,2015,85
Guardian,Memphis Depay,Manchester United,2015,86
Guardian,Juan Mata,Manchester United,2015,87
Guardian,Marcelo,Real Madrid,2015,88
Guardian,Alex Teixeira,Shakhtar Donetsk,2015,89
Guardian,Dimitri Payet,West Ham United,2015,90
Guardian,Isco,Real Madrid,2015,91
Guardian,Leonardo Bonucci,Juventus,2015,92
Guardian,Carlos Sanchez,River Plate,2015,93
Guardian,Sebastian Giovinco,Toronto,2015,94
Guardian,Santi Cazorla,Arsenal,2015,95
Guardian,Francesco Totti,Roma,2015,96
Guardian,Riyad Mahrez,Leicester City,2015,97
Guardian,Andriy Yarmolenko,Dynamo Kyiv,2015,98
Guardian,Nemanja Matic,Chelsea,2015,99
Guardian,Laurent Koscielny,Arsenal,2015,100
Guardian,Cristiano Ronaldo,Real Madrid,2014,1
Guardian,Lionel Messi,Barcelona,2014,2
Guardian,Manuel Neuer,Bayern,2014,3
Guardian,Arjen Robben,Bayern,2014,4
Guardian,Thomas Muller,Bayern,2014,5
Guardian,Luis Suarez,Barcelona,2014,6
Guardian,Neymar,Barcelona,2014,7
Guardian,Gareth Bale,Real Madrid,2014,8
Guardian,Philipp Lahm,Bayern,2014,9
Guardian,Sergio Aguero,Manchester City,2014,10
Guardian,Toni Kroos,Real Madrid,2014,11
Guardian,Diego Costa,Chelsea,2014,12
Guardian,Zlatan Ibrahimovic,Paris St-Germain,2014,13
Guardian,Angel Di Maria,Manchester United,2014,14
Guardian,James Rodriguez,Real Madrid,2014,15
Guardian,Eden Hazard,Chelsea,2014,16
Guardian,Thibaut Courtois,Chelsea,2014,17
Guardian,Yaya Toure,Manchester City,2014,18
Guardian,Karim Benzema,Real Madrid,2014,19
Guardian,Paul Pogba,Juventus,2014,20
Guardian,Xabi Alonso,Bayern,2014,21
Guardian,Alexis Sanchez,Arsenal,2014,22
Guardian,Luka Modric,Real Madrid,2014,23
Guardian,Mario Gotze,Bayern,2014,24
Guardian,Bastian Schweinsteiger,Bayern,2014,25
Guardian,Franck Ribery,Bayern,2014,26
Guardian,Javier Mascherano,Barcelona,2014,27
Guardian,Andres Iniesta,Barcelona,2014,28
Guardian,Andrea Pirlo,Juventus,2014,29
Guardian,Robert Lewandowski,Bayern,2014,30
Guardian,Thiago Silva,Paris St-Germain,2014,31
Guardian,Sergio Ramos,Real Madrid,2014,32
Guardian,Arturo Vidal,Juventus,2014,33
Guardian,Diego Godin,Atletico Madrid,2014,34
Guardian,David Silva,Manchester City,2014,35
Guardian,Cesc Fabregas,Chelsea,2014,36
Guardian,Vincent Kompany,Manchester City,2014,37
Guardian,Arda Turan,Atletico Madrid,2014,38
Guardian,Mats Hummels,Borussia Dortmund,2014,39
Guardian,Marco Reus,Borussia Dortmund,2014,40
Guardian,Carlos Tevez,Juventus,2014,41
Guardian,Koke,Atletico Madrid,2014,42
Guardian,Wayne Rooney,Manchester United,2014,43
Guardian,David Alaba,Bayern,2014,44
Guardian,Robin van Persie,Manchester United,2014,45
Guardian,Oscar,Chelsea,2014,46
Guardian,Edinson Cavani,Paris St-Germain,2014,47
Guardian,Nemanja Matic,Chelsea,2014,48
Guardian,Ivan Rakitic,Barcelona,2014,49
Guardian,Xavi,Barcelona,2014,50
Guardian,Daniel Sturridge,Liverpool,2014,51
Guardian,Raheem Sterling,Liverpool,2014,52
Guardian,Branislav Ivanovic,Chelsea,2014,53
Guardian,Mesut Ozil,Arsenal,2014,54
Guardian,David de Gea,Manchester United,2014,55
Guardian,Juan Cuadrado,Fiorentina,2014,56
Guardian,Jerome Boateng,Bayern,2014,57
Guardian,Miralem Pjanic,Roma,2014,58
Guardian,Pablo Zabaleta,Manchester City,2014,59
Guardian,Sergio Busquets,Barcelona,2014,60
Guardian,Yacine Brahimi,Porto,2014,61
Guardian,Blaise Matuidi,Paris St-Germain,2014,62
Guardian,Radamel Falcao,Manchester United,2014,63
Guardian,Marco Verratti,Paris St-Germain,2014,64
Guardian,Vincent Enyeama,Lille,2014,65
Guardian,Edin Dzeko,Manchester City,2014,66
Guardian,Wilfried Bony,Swansea City,2014,67
Guardian,Gonzalo Higuain,Napoli,2014,68
Guardian,John Terry,Chelsea,2014,69
Guardian,Miroslav Klose,Lazio,2014,70
Guardian,Mario Mandzukic,Atletico Madrid,2014,71
Guardian,Gianluigi Buffon,Juventus,2014,72
Guardian,Jackson Martinez,Porto,2014,73
Guardian,Antoine Griezmann,Atletico Madrid,2014,74
Guardian,Aaron Ramsey,Arsenal,2014,75
Guardian,Hugo Lloris,Tottenham Hotspur,2014,76
Guardian,Ezequiel Garay,Zenit St. Petersburg,2014,77
Guardian,Luiz Adriano,Shakhtar Donetsk,2014,78
Guardian,Francesco Totti,Roma,2014,79
Guardian,Steven Gerrard,Liverpool,2014,80
Guardian,Daniel Alves,Barcelona,2014,81
Guardian,Gervinho,Roma,2014,82
Guardian,Mehdi Benatia,Bayern,2014,83
Guardian,Isco,Real Madrid,2014,84
Guardian,Henrikh Mkhitaryan,Borussia Dortmund,2014,85
Guardian,Jose Callejon,Napoli,2014,86
Guardian,Miranda,Atletico Madrid,2014,87
Guardian,Iker Casillas,Real Madrid,2014,88
Guardian,Daley Blind,Manchester United,2014,89
Guardian,Cesar Azpilicueta,Chelsea,2014,90
Guardian,Jack Wilshere,Arsenal,2014,91
Guardian,Hector Herrera,Porto,2014,92
Guardian,Gerard Pique,Barcelona,2014,93
Guardian,Enner Valencia,West Ham United,2014,94
Guardian,David Luiz,Paris St-Germain,2014,95
Guardian,Memphis Depay,PSV Eindhoven,2014,96
Guardian,Daniele de Rossi,Roma,2014,97
Guardian,Rogerio Ceni,Sao Paulo,2014,98
Guardian,Radja Nainggolan,Roma,2014,99
Guardian,Seydou Doumbia,CSKA Moscow,2014,100
Guardian,Lionel Messi,Barcelona,2013,1
Guardian,Cristiano Ronaldo,Real Madrid,2013,2
Guardian,Zlatan Ibrahimovic,Paris St-Germain,2013,3
Guardian,Franck Ribery,Bayern,2013,4
Guardian,Andres Iniesta,Barcelona,2013,5
Guardian,Neymar,Barcelona,2013,6
Guardian,Gareth Bale,Real Madrid,2013,7
Guardian,Xavi,Barcelona,2013,8
Guardian,Luis Suarez,Liverpool,2013,9
Guardian,Sergio Aguero,Manchester City,2013,10
Guardian,Robin van Persie,Manchester United,2013,11
Guardian,Mesut Ozil,Arsenal,2013,12
Guardian,Edinson Cavani,Paris St-Germain,2013,13
Guardian,Arjen Robben,Bayern,2013,14
Guardian,Philipp Lahm,Bayern,2013,15
Guardian,Radamel Falcao,Monaco,2013,16
Guardian,Thiago Silva,Paris St-Germain,2013,17
Guardian,Robert Lewandowski,Borussia Dortmund,2013,18
Guardian,Yaya Toure,Manchester City,2013,19
Guardian,Bastian Schweinsteiger,Bayern,2013,20
Guardian,Andrea Pirlo,Juventus,2013,21
Guardian,Manuel Neuer,Bayern,2013,22
Guardian,Marco Reus,Borussia Dortmund,2013,23
Guardian,Gianluigi Buffon,Juventus,2013,24
Guardian,Thomas Muller,Bayern,2013,25
Guardian,Arturo Vidal,Juventus,2013,26
Guardian,Sergio Busquets,Barcelona,2013,27
Guardian,Wayne Rooney,Manchester United,2013,28
Guardian,Cesc Fabregas,Barcelona,2013,29
Guardian,Juan Mata,Chelsea/Man U,2013,30
Guardian,Francesco Totti,Roma,2013,31
Guardian,David Silva,Manchester City,2013,32
Guardian,Mario Balotelli,AC Milan,2013,33
Guardian,Mario Gotze,Bayern,2013,34
Guardian,Diego Costa,Atletico Madrid,2013,35
Guardian,Oscar,Chelsea,2013,36
Guardian,Xabi Alonso,Real Madrid,2013,37
Guardian,Daniele de Rossi,Roma,2013,38
Guardian,Gerard Pique,Barcelona,2013,39
Guardian,Toni Kroos,Bayern,2013,40
Guardian,Daniel Alves,Barcelona,2013,41
Guardian,Vincent Kompany,Manchester City,2013,42
Guardian,David Alaba,Bayern,2013,43
Guardian,Ilkay Gundogan,Borussia Dortmund,2013,44
Guardian,Sergio Ramos,Real Madrid,2013,45
Guardian,Carlos Tevez,Juventus,2013,46
Guardian,Thibaut Courtois,Atletico Madrid,2013,47
Guardian,Mario Mandzukic,Bayern,2013,48
Guardian,Aaron Ramsey,Arsenal,2013,49
Guardian,David Luiz,Chelsea,2013,50
Guardian,Nemanja Vidic,Manchester United,2013,51
Guardian,Axel Witsel,Zenit St. Petersburg,2013,52
Guardian,Dante,Bayern,2013,53
Guardian,Giuseppe Rossi,Fiorentina,2013,54
Guardian,Karim Benzema,Real Madrid,2013,55
Guardian,Gonzalo Higuain,Napoli,2013,56
Guardian,Jan Vertonghen,Tottenham Hotspur,2013,57
Guardian,Marek Hamsik,Napoli,2013,58
Guardian,Paulinho,Tottenham Hotspur,2013,59
Guardian,Marcelo,Real Madrid,2013,60
Guardian,Luka Modric,Real Madrid,2013,61
Guardian,Kevin Strootman,Roma,2013,62
Guardian,Javier Mascherano,Barcelona,2013,63
Guardian,Hugo Lloris,Tottenham Hotspur,2013,64
Guardian,Petr Cech,Chelsea,2013,65
Guardian,Mats Hummels,Borussia Dortmund,2013,66
Guardian,Santi Cazorla,Arsenal,2013,67
Guardian,Keisuke Honda,CSKA Moscow/AC Milan,2013,68
Guardian,Victor Valdes,Barcelona,2013,69
Guardian,Arda Turan,Atletico Madrid,2013,70
Guardian,Federico Marchetti,Lazio,2013,71
Guardian,Angel Di Maria,Real Madrid,2013,72
Guardian,Alvaro Negredo,Manchester City,2013,73
Guardian,Laurent Koscielny,Arsenal,2013,74
Guardian,Toby Alderweireld,Atletico Madrid,2013,75
Guardian,Marco Verratti,Paris St-Germain,2013,76
Guardian,Pablo Zabaleta,Manchester City,2013,77
Guardian,Dario Conca,Guangzhou Evergrande,2013,78
Guardian,Pierre-Emerick Aubameyang,Borussia Dortmund,2013,79
Guardian,Michu,Swansea City,2013,80
Guardian,Miralem Pjanic,Roma,2013,81
Guardian,Samir Handanovic,Inter,2013,82
Guardian,Samuel Eto'o,Chelsea,2013,83
Guardian,Juan Zuniga,Napoli,2013,84
Guardian,Lukasz Piszczek,Borussia Dortmund,2013,85
Guardian,Marquinhos,Paris St-Germain,2013,86
Guardian,Mehdi Benatia,Roma,2013,87
Guardian,Frank Lampard,Chelsea,2013,88
Guardian,Shinji Kagawa,Manchester United,2013,89
Guardian,Koke,Atletico Madrid,2013,90
Guardian,Yohan Cabaye,Newcastle United/PSG,2013,91
Guardian,Lucas Moura,Paris St-Germain,2013,92
Guardian,Blaise Matuidi,Paris St-Germain,2013,93
Guardian,Isco,Real Madrid,2013,94
Guardian,Alexis Sanchez,Barcelona,2013,95
Guardian,Asmir Begovic,Stoke City,2013,96
Guardian,Emmanuel Emenike,Fenerbahce,2013,97
Guardian,Branislav Ivanovic,Chelsea,2013,98
Guardian,Javi Martinez,Bayern,2013,99
Guardian,Eden Hazard,Chelsea,2013,100
Guardian,Lionel Messi,Barcelona,2012,1
Guardian,Cristiano Ronaldo,Real Madrid,2012,2
Guardian,Xavi,Barcelona,2012,3
Guardian,Andres Iniesta,Barcelona,2012,4
Guardian,Zlatan Ibrahimovic,Paris St-Germain,2012,5
Guardian,Radamel Falcao,Atletico Madrid,2012,6
Guardian,Robin van Persie,Manchester United,2012,7
Guardian,Andrea Pirlo,Juventus,2012,8
Guardian,Yaya Toure,Manchester City,2012,9
Guardian,Edinson Cavani,Napoli,2012,10
Guardian,Sergio Aguero,Manchester City,2012,11
Guardian,Iker Casillas,Real Madrid,2012,12
Guardian,Neymar,Santos,2012,13
Guardian,Sergio Busquets,Barcelona,2012,14
Guardian,Xabi Alonso,Real Madrid,2012,15
Guardian,Thiago Silva,Paris St-Germain,2012,16
Guardian,Mesut Ozil,Real Madrid,2012,17
Guardian,David Silva,Manchester City,2012,18
Guardian,Bastian Schweinsteiger,Bayern,2012,19
Guardian,Gianluigi Buffon,Juventus,2012,20
Guardian,Luis Suarez,Liverpool,2012,21
Guardian,Sergio Ramos,Real Madrid,2012,22
Guardian,Vincent Kompany,Manchester City,2012,23
Guardian,Gerard Pique,Barcelona,2012,24
Guardian,Philipp Lahm,Bayern,2012,25
Guardian,Willian,Shakhtar Donetsk,2012,26
Guardian,Marco Reus,Borussia Dortmund,2012,27
Guardian,Franck Ribery,Bayern,2012,28
Guardian,Manuel Neuer,Bayern,2012,29
Guardian,Ashley Cole,Chelsea,2012,30
Guardian,Wayne Rooney,Manchester United,2012,31
Guardian,Juan Mata,Chelsea,2012,32
Guardian,Thomas Muller,Bayern,2012,33
Guardian,Mario Gotze,Borussia Dortmund,2012,34
Guardian,Karim Benzema,Real Madrid,2012,35
Guardian,Cesc Fabregas,Barcelona,2012,36
Guardian,Oscar,Chelsea,2012,37
Guardian,Fernandinho,Shakhtar Donetsk,2012,38
Guardian,Javier Mascherano,Barcelona,2012,39
Guardian,Gareth Bale,Tottenham Hotspur,2012,40
Guardian,Javier Zanetti,Inter,2012,41
Guardian,Daniele de Rossi,Roma,2012,42
Guardian,Daniel Alves,Barcelona,2012,43
Guardian,Petr Cech,Chelsea,2012,44
Guardian,Mats Hummels,Borussia Dortmund,2012,45
Guardian,Carles Puyol,Barcelona,2012,46
Guardian,Angel Di Maria,Real Madrid,2012,47
Guardian,Carlos Tevez,Manchester City,2012,48
Guardian,Didier Drogba,Shanghai Shenhua,2012,49
Guardian,Giorgio Chiellini,Juventus,2012,50
Guardian,Marcelo,Real Madrid,2012,51
Guardian,Stephan El Shaarawy,AC Milan,2012,52
Guardian,Toni Kroos,Bayern,2012,53
Guardian,Samuel Eto'o,Anzhi Makhachkala,2012,54
Guardian,Jordi Alba,Barcelona,2012,55
Guardian,Mario Gomez,Bayern,2012,56
Guardian,Arturo Vidal,Juventus,2012,57
Guardian,Eden Hazard,Chelsea,2012,58
Guardian,James Rodriguez,Porto,2012,59
Guardian,Marouane Fellaini,Everton,2012,60
Guardian,Ramires,Chelsea,2012,61
Guardian,David Villa,Barcelona,2012,62
Guardian,Klaas Jan Huntelaar,Schalke 04,2012,63
Guardian,Nemanja Vidic,Manchester United,2012,64
Guardian,Joe Hart,Manchester City,2012,65
Guardian,Arjen Robben,Bayern,2012,66
Guardian,Mario Balotelli,Manchester City,2012,67
Guardian,Mathieu Valbuena,Marseille,2012,68
Guardian,Pierre-Emerick Aubameyang,St. Etienne,2012,69
Guardian,Robert Lewandowski,Borussia Dortmund,2012,70
Guardian,Hernanes,Lazio,2012,71
Guardian,Pedro,Barcelona,2012,72
Guardian,Santi Cazorla,Arsenal,2012,73
Guardian,Christian Eriksen,Ajax,2012,74
Guardian,Ezequiel Lavezzi,Paris St-Germain,2012,75
Guardian,Joao Moutinho,Porto,2012,76
Guardian,Mario Mandzukic,Bayern,2012,77
Guardian,Patrice Evra,Manchester United,2012,78
Guardian,David Luiz,Chelsea,2012,79
Guardian,Luka Modric,Real Madrid,2012,80
Guardian,Victor Wanyama,Celtic,2012,81
Guardian,Mapou Yanga-M'Biwa,Montpelier,2012,82
Guardian,Hulk,Zenit St. Petersburg,2012,83
Guardian,Darijo Srna,Shakhtar Donetsk,2012,84
Guardian,Emmanuel Mayuka,Southampton,2012,85
Guardian,John Terry,Chelsea,2012,86
Guardian,Kwadwo Asamoah,Juventus,2012,87
Guardian,Leonardo Bonucci,Juventus,2012,88
Guardian,Javier Pastore,Paris St-Germain,2012,89
Guardian,Henrikh Mkhitaryan,Shakhtar Donetsk,2012,90
Guardian,Moussa Dembele,Tottenham Hotspur,2012,91
Guardian,Hatem Ben Arfa,Newcastle United,2012,92
Guardian,Samir Nasri,Manchester City,2012,93
Guardian,Shinji Kagawa,Manchester United,2012,94
Guardian,Wesley Sneijder,Inter,2012,95
Guardian,Pepe,Real Madrid,2012,96
Guardian,Marek Hamsik,Napoli,2012,97
Guardian,Javi Martinez,Bayern,2012,98
Guardian,Diego Forlan,Internacional,2012,99
Guardian,Paulinho,Corinithians,2012,100